ID,Term
3210001,1
3210002,0
3210003,1
3210004,0
3210005,0
3210006,0
3210007,0
3210008,0
3210009,0
3210010,1
3210011,0
3210012,1
3210013,1
3210014,1
3210015,1
3210016,0
3210017,0
3210018,0
3210019,1
3210020,1
3210021,0
3210022,0
3210023,0
3210024,0
3210025,0
3210026,0
3210027,0
3210028,0
3210029,1
3210030,0
3210031,0
3210032,1
3210033,0
3210034,1
3210035,1
3210036,0
3210037,1
3210038,0
3210039,1
3210040,1
3210041,0
3210042,0
3210043,1
3210044,0
3210045,1
3210046,0
3210047,1
3210048,0
3210049,0
3210050,1
3210051,0
3210052,0
3210053,1
3210054,1
3210055,0
3210056,1
3210057,0
3210058,1
3210059,1
3210060,0
3210061,0
3210062,1
3210063,1
3210064,0
3210065,0
3210066,1
3210067,0
3210068,1
3210069,1
3210070,0
3210071,1
3210072,0
3210073,0
3210074,0
3210075,1
3210076,0
3210077,1
3210078,1
3210079,0
3210080,1
3210081,1
3210082,1
3210083,1
3210084,1
3210085,0
3210086,0
3210087,0
3210088,0
3210089,1
3210090,1
3210091,1
3210092,0
3210093,1
3210094,0
3210095,0
3210096,1
3210097,1
3210098,1
3210099,1
3210100,0
3210101,0
3210102,0
3210103,1
3210104,1
3210105,0
3210106,1
3210107,0
3210108,1
3210109,1
3210110,0
3210111,1
3210112,0
3210113,1
3210114,0
3210115,1
3210116,0
3210117,0
3210118,1
3210119,1
3210120,1
3210121,1
3210122,1
3210123,1
3210124,1
3210125,0
3210126,1
3210127,1
3210128,0
3210129,0
3210130,1
3210131,1
3210132,1
3210133,0
3210134,1
3210135,1
3210136,0
3210137,0
3210138,0
3210139,1
3210140,1
3210141,0
3210142,1
3210143,1
3210144,1
3210145,0
3210146,1
3210147,1
3210148,0
3210149,1
3210150,0
3210151,1
3210152,0
3210153,0
3210154,0
3210155,0
3210156,1
3210157,1
3210158,0
3210159,0
3210160,1
3210161,1
3210162,0
3210163,1
3210164,1
3210165,0
3210166,0
3210167,1
3210168,1
3210169,1
3210170,0
3210171,1
3210172,1
3210173,1
3210174,0
3210175,0
3210176,0
3210177,1
3210178,1
3210179,1
3210180,0
3210181,0
3210182,1
3210183,0
3210184,1
3210185,0
3210186,1
3210187,0
3210188,0
3210189,0
3210190,1
3210191,0
3210192,0
3210193,1
3210194,0
3210195,1
3210196,0
3210197,1
3210198,0
3210199,0
3210200,1
3210201,1
3210202,0
3210203,0
3210204,1
3210205,1
3210206,1
3210207,0
3210208,0
3210209,1
3210210,0
3210211,1
3210212,1
3210213,1
3210214,0
3210215,1
3210216,1
3210217,1
3210218,0
3210219,0
3210220,0
3210221,1
3210222,1
3210223,0
3210224,0
3210225,0
3210226,1
3210227,1
3210228,1
3210229,0
3210230,0
3210231,0
3210232,1
3210233,0
3210234,0
3210235,0
3210236,0
3210237,0
3210238,0
3210239,0
3210240,1
3210241,0
3210242,1
3210243,0
3210244,0
3210245,0
3210246,1
3210247,1
3210248,0
3210249,0
3210250,0
3210251,0
3210252,1
3210253,0
3210254,0
3210255,0
3210256,1
3210257,0
3210258,0
3210259,0
3210260,1
3210261,1
3210262,0
3210263,1
3210264,1
3210265,0
3210266,1
3210267,0
3210268,1
3210269,1
3210270,0
3210271,1
3210272,1
3210273,1
3210274,1
3210275,1
3210276,1
3210277,1
3210278,1
3210279,0
3210280,0
3210281,1
3210282,1
3210283,1
3210284,0
3210285,1
3210286,0
3210287,1
3210288,0
3210289,0
3210290,1
3210291,0
3210292,0
3210293,1
3210294,1
3210295,1
3210296,0
3210297,0
3210298,0
3210299,0
3210300,0
3210301,0
3210302,1
3210303,0
3210304,0
3210305,0
3210306,1
3210307,1
3210308,0
3210309,0
3210310,0
3210311,1
3210312,0
3210313,1
3210314,0
3210315,1
3210316,1
3210317,1
3210318,1
3210319,0
3210320,0
3210321,1
3210322,1
3210323,1
3210324,0
3210325,1
3210326,1
3210327,0
3210328,0
3210329,0
3210330,1
3210331,1
3210332,0
3210333,0
3210334,1
3210335,0
3210336,0
3210337,1
3210338,1
3210339,1
3210340,0
3210341,0
3210342,1
3210343,0
3210344,1
3210345,1
3210346,0
3210347,0
3210348,0
3210349,1
3210350,1
3210351,1
3210352,1
3210353,1
3210354,1
3210355,1
3210356,0
3210357,0
3210358,0
3210359,0
3210360,0
3210361,1
3210362,1
3210363,0
3210364,1
3210365,0
3210366,1
3210367,0
3210368,1
3210369,0
3210370,1
3210371,1
3210372,1
3210373,1
3210374,1
3210375,0
3210376,1
3210377,1
3210378,0
3210379,0
3210380,1
3210381,0
3210382,1
3210383,1
3210384,0
3210385,0
3210386,1
3210387,1
3210388,0
3210389,0
3210390,0
3210391,0
3210392,1
3210393,1
3210394,0
3210395,0
3210396,1
3210397,0
3210398,0
3210399,1
3210400,1
3210401,1
3210402,0
3210403,1
3210404,0
3210405,1
3210406,1
3210407,0
3210408,0
3210409,0
3210410,1
3210411,1
3210412,0
3210413,1
3210414,1
3210415,0
3210416,1
3210417,1
3210418,1
3210419,1
3210420,1
3210421,0
3210422,0
3210423,0
3210424,1
3210425,1
3210426,0
3210427,0
3210428,0
3210429,1
3210430,0
3210431,1
3210432,0
3210433,1
3210434,1
3210435,1
3210436,1
3210437,0
3210438,1
3210439,1
3210440,1
3210441,0
3210442,1
3210443,0
3210444,0
3210445,1
3210446,1
3210447,0
3210448,0
3210449,1
3210450,0
3210451,0
3210452,0
3210453,0
3210454,0
3210455,0
3210456,0
3210457,1
3210458,0
3210459,1
3210460,1
3210461,1
3210462,0
3210463,1
3210464,1
3210465,1
3210466,0
3210467,0
3210468,1
3210469,1
3210470,1
3210471,0
3210472,1
3210473,1
3210474,1
3210475,0
3210476,1
3210477,0
3210478,1
3210479,0
3210480,0
3210481,0
3210482,1
3210483,0
3210484,1
3210485,1
3210486,0
3210487,0
3210488,1
3210489,0
3210490,0
3210491,1
3210492,0
3210493,1
3210494,0
3210495,0
3210496,1
3210497,0
3210498,1
3210499,0
3210500,0
3210501,0
3210502,0
3210503,1
3210504,1
3210505,0
3210506,1
3210507,1
3210508,1
3210509,1
3210510,0
3210511,1
3210512,1
3210513,1
3210514,1
3210515,0
3210516,1
3210517,1
3210518,1
3210519,1
3210520,0
3210521,1
3210522,0
3210523,1
3210524,0
3210525,0
3210526,1
3210527,1
3210528,1
3210529,1
3210530,1
3210531,1
3210532,0
3210533,1
3210534,0
3210535,0
3210536,0
3210537,0
3210538,1
3210539,0
3210540,0
3210541,0
3210542,1
3210543,1
3210544,1
3210545,1
3210546,0
3210547,0
3210548,0
3210549,0
3210550,0
3210551,0
3210552,1
3210553,1
3210554,1
3210555,1
3210556,1
3210557,1
3210558,1
3210559,1
3210560,0
3210561,0
3210562,1
3210563,0
3210564,1
3210565,1
3210566,1
3210567,1
3210568,0
3210569,0
3210570,0
3210571,0
3210572,0
3210573,0
3210574,0
3210575,0
3210576,0
3210577,1
3210578,1
3210579,1
3210580,1
3210581,1
3210582,1
3210583,1
3210584,0
3210585,1
3210586,0
3210587,1
3210588,0
3210589,1
3210590,0
3210591,1
3210592,1
3210593,1
3210594,1
3210595,0
3210596,1
3210597,1
3210598,1
3210599,0
3210600,0
3210601,1
3210602,0
3210603,1
3210604,0
3210605,0
3210606,1
3210607,1
3210608,0
3210609,1
3210610,1
3210611,0
3210612,1
3210613,1
3210614,0
3210615,1
3210616,0
3210617,1
3210618,1
3210619,1
3210620,0
3210621,1
3210622,1
3210623,0
3210624,0
3210625,0
3210626,1
3210627,1
3210628,1
3210629,0
3210630,0
3210631,0
3210632,1
3210633,1
3210634,0
3210635,0
3210636,0
3210637,0
3210638,1
3210639,1
3210640,1
3210641,0
3210642,0
3210643,0
3210644,0
3210645,1
3210646,1
3210647,1
3210648,1
3210649,0
3210650,1
3210651,1
3210652,0
3210653,0
3210654,0
3210655,0
3210656,0
3210657,1
3210658,1
3210659,1
3210660,1
3210661,0
3210662,0
3210663,1
3210664,0
3210665,0
3210666,0
3210667,1
3210668,1
3210669,1
3210670,0
3210671,1
3210672,1
3210673,0
3210674,1
3210675,0
3210676,0
3210677,0
3210678,0
3210679,1
3210680,1
3210681,0
3210682,1
3210683,0
3210684,1
3210685,1
3210686,1
3210687,0
3210688,1
3210689,1
3210690,0
3210691,1
3210692,0
3210693,1
3210694,0
3210695,0
3210696,1
3210697,1
3210698,0
3210699,0
3210700,0
3210701,1
3210702,0
3210703,0
3210704,0
3210705,1
3210706,1
3210707,0
3210708,1
3210709,0
3210710,1
3210711,1
3210712,1
3210713,0
3210714,0
3210715,1
3210716,0
3210717,1
3210718,0
3210719,1
3210720,0
3210721,1
3210722,1
3210723,0
3210724,1
3210725,0
3210726,1
3210727,0
3210728,0
3210729,0
3210730,1
3210731,1
3210732,1
3210733,1
3210734,0
3210735,0
3210736,0
3210737,1
3210738,1
3210739,1
3210740,0
3210741,0
3210742,1
3210743,1
3210744,0
3210745,1
3210746,0
3210747,0
3210748,0
3210749,1
3210750,0
3210751,1
3210752,1
3210753,0
3210754,0
3210755,1
3210756,1
3210757,0
3210758,0
3210759,0
3210760,0
3210761,0
3210762,0
3210763,0
3210764,1
3210765,0
3210766,1
3210767,1
3210768,1
3210769,1
3210770,0
3210771,1
3210772,1
3210773,1
3210774,1
3210775,0
3210776,0
3210777,1
3210778,1
3210779,0
3210780,0
3210781,1
3210782,0
3210783,1
3210784,1
3210785,0
3210786,1
3210787,1
3210788,1
3210789,1
3210790,1
3210791,0
3210792,1
3210793,1
3210794,1
3210795,0
3210796,0
3210797,0
3210798,0
3210799,1
3210800,0
3210801,0
3210802,0
3210803,1
3210804,0
3210805,0
3210806,0
3210807,0
3210808,0
3210809,0
3210810,0
3210811,1
3210812,0
3210813,1
3210814,1
3210815,1
3210816,0
3210817,0
3210818,1
3210819,0
3210820,0
3210821,1
3210822,1
3210823,0
3210824,1
3210825,1
3210826,1
3210827,1
3210828,1
3210829,1
3210830,0
3210831,1
3210832,1
3210833,0
3210834,0
3210835,0
3210836,0
3210837,0
3210838,0
3210839,1
3210840,0
3210841,1
3210842,0
3210843,0
3210844,0
3210845,0
3210846,0
3210847,1
3210848,1
3210849,1
3210850,0
3210851,1
3210852,0
3210853,0
3210854,1
3210855,0
3210856,0
3210857,1
3210858,0
3210859,1
3210860,1
3210861,0
3210862,0
3210863,0
3210864,0
3210865,0
3210866,0
3210867,1
3210868,1
3210869,1
3210870,1
3210871,1
3210872,1
3210873,1
3210874,0
3210875,0
3210876,1
3210877,0
3210878,1
3210879,1
3210880,1
3210881,1
3210882,1
3210883,1
3210884,0
3210885,0
3210886,0
3210887,1
3210888,1
3210889,1
3210890,0
3210891,0
3210892,1
3210893,1
3210894,1
3210895,1
3210896,1
3210897,0
3210898,0
3210899,0
3210900,1
3210901,1
3210902,1
3210903,1
3210904,0
3210905,0
3210906,0
3210907,0
3210908,1
3210909,1
3210910,1
3210911,1
3210912,0
3210913,1
3210914,0
3210915,1
3210916,1
3210917,1
3210918,0
3210919,0
3210920,1
3210921,0
3210922,0
3210923,0
3210924,1
3210925,1
3210926,1
3210927,0
3210928,1
3210929,0
3210930,0
3210931,0
3210932,0
3210933,0
3210934,1
3210935,0
3210936,0
3210937,1
3210938,0
3210939,0
3210940,1
3210941,0
3210942,1
3210943,1
3210944,1
3210945,0
3210946,0
3210947,1
3210948,0
3210949,0
3210950,1
3210951,0
3210952,0
3210953,1
3210954,0
3210955,1
3210956,1
3210957,0
3210958,1
3210959,0
3210960,0
3210961,0
3210962,1
3210963,0
3210964,0
3210965,0
3210966,1
3210967,1
3210968,1
3210969,0
3210970,1
3210971,0
3210972,1
3210973,1
3210974,1
3210975,1
3210976,1
3210977,0
3210978,1
3210979,0
3210980,0
3210981,1
3210982,0
3210983,0
3210984,0
3210985,0
3210986,1
3210987,1
3210988,1
3210989,0
3210990,1
3210991,0
3210992,0
3210993,1
3210994,1
3210995,1
3210996,1
3210997,1
3210998,0
3210999,0
3211000,1
3211001,1
3211002,1
3211003,1
3211004,0
3211005,1
3211006,1
3211007,0
3211008,0
3211009,1
3211010,1
3211011,0
3211012,0
3211013,0
3211014,0
3211015,1
3211016,1
3211017,1
3211018,0
3211019,1
3211020,1
3211021,0
3211022,1
3211023,0
3211024,0
3211025,0
3211026,1
3211027,1
3211028,1
3211029,0
3211030,0
3211031,1
3211032,0
3211033,0
3211034,1
3211035,1
3211036,1
3211037,0
3211038,1
3211039,1
3211040,1
3211041,1
3211042,1
3211043,1
3211044,0
3211045,1
3211046,0
3211047,0
3211048,0
3211049,1
3211050,1
3211051,0
3211052,0
3211053,0
3211054,0
3211055,0
3211056,1
3211057,1
3211058,1
3211059,0
3211060,1
3211061,0
3211062,0
3211063,1
3211064,1
3211065,0
3211066,0
3211067,0
3211068,0
3211069,1
3211070,0
3211071,1
3211072,1
3211073,0
3211074,0
3211075,0
3211076,1
3211077,0
3211078,0
3211079,1
3211080,1
3211081,0
3211082,1
3211083,1
3211084,1
3211085,1
3211086,0
3211087,1
3211088,1
3211089,0
3211090,1
3211091,1
3211092,0
3211093,0
3211094,0
3211095,0
3211096,1
3211097,1
3211098,1
3211099,0
3211100,0
3211101,0
3211102,1
3211103,0
3211104,0
3211105,0
3211106,1
3211107,1
3211108,0
3211109,0
3211110,0
3211111,0
3211112,0
3211113,1
3211114,1
3211115,0
3211116,0
3211117,0
3211118,0
3211119,0
3211120,0
3211121,1
3211122,1
3211123,0
3211124,0
3211125,1
3211126,0
3211127,1
3211128,1
3211129,0
3211130,1
3211131,0
3211132,1
3211133,0
3211134,1
3211135,1
3211136,0
3211137,0
3211138,1
3211139,1
3211140,0
3211141,0
3211142,0
3211143,0
3211144,0
3211145,0
3211146,1
3211147,1
3211148,0
3211149,0
3211150,1
3211151,1
3211152,1
3211153,0
3211154,1
3211155,1
3211156,1
3211157,0
3211158,1
3211159,0
3211160,0
3211161,0
3211162,1
3211163,1
3211164,0
3211165,1
3211166,1
3211167,1
3211168,1
3211169,0
3211170,1
3211171,1
3211172,0
3211173,0
3211174,0
3211175,1
3211176,0
3211177,1
3211178,0
3211179,0
3211180,1
3211181,0
3211182,0
3211183,0
3211184,0
3211185,1
3211186,1
3211187,0
3211188,0
3211189,1
3211190,1
3211191,1
3211192,0
3211193,1
3211194,0
3211195,0
3211196,0
3211197,1
3211198,0
3211199,1
3211200,1
3211201,1
3211202,0
3211203,1
3211204,1
3211205,1
3211206,1
3211207,1
3211208,1
3211209,0
3211210,1
3211211,0
3211212,1
3211213,1
3211214,0
3211215,1
3211216,1
3211217,1
3211218,0
3211219,1
3211220,0
3211221,0
3211222,0
3211223,0
3211224,1
3211225,0
3211226,0
3211227,1
3211228,1
3211229,0
3211230,1
3211231,1
3211232,0
3211233,1
3211234,0
3211235,1
3211236,1
3211237,0
3211238,0
3211239,0
3211240,0
3211241,0
3211242,0
3211243,1
3211244,0
3211245,1
3211246,1
3211247,1
3211248,1
3211249,1
3211250,0
3211251,0
3211252,0
3211253,1
3211254,1
3211255,1
3211256,0
3211257,1
3211258,0
3211259,1
3211260,1
3211261,0
3211262,0
3211263,1
3211264,0
3211265,0
3211266,1
3211267,0
3211268,0
3211269,1
3211270,1
3211271,1
3211272,1
3211273,1
3211274,1
3211275,1
3211276,0
3211277,0
3211278,0
3211279,1
3211280,1
3211281,1
3211282,0
3211283,0
3211284,1
3211285,0
3211286,0
3211287,1
3211288,0
3211289,1
3211290,0
3211291,1
3211292,1
3211293,1
3211294,1
3211295,1
3211296,1
3211297,1
3211298,0
3211299,1
3211300,0
3211301,1
3211302,0
3211303,1
3211304,0
3211305,1
3211306,1
3211307,0
3211308,0
3211309,1
3211310,0
3211311,1
3211312,1
3211313,0
3211314,1
3211315,1
3211316,1
3211317,1
3211318,1
3211319,1
3211320,0
3211321,0
3211322,0
3211323,1
3211324,0
3211325,0
3211326,1
3211327,1
3211328,0
3211329,0
3211330,0
3211331,0
3211332,0
3211333,1
3211334,1
3211335,1
3211336,1
3211337,0
3211338,1
3211339,1
3211340,1
3211341,1
3211342,0
3211343,0
3211344,1
3211345,0
3211346,0
3211347,0
3211348,1
3211349,1
3211350,1
3211351,0
3211352,0
3211353,0
3211354,0
3211355,0
3211356,0
3211357,1
3211358,0
3211359,1
3211360,1
3211361,1
3211362,1
3211363,0
3211364,1
3211365,1
3211366,0
3211367,1
3211368,0
3211369,0
3211370,0
3211371,1
3211372,1
3211373,1
3211374,0
3211375,1
3211376,0
3211377,1
3211378,1
3211379,0
3211380,0
3211381,1
3211382,0
3211383,0
3211384,1
3211385,1
3211386,1
3211387,1
3211388,0
3211389,1
3211390,1
3211391,0
3211392,1
3211393,0
3211394,0
3211395,0
3211396,1
3211397,1
3211398,0
3211399,1
3211400,1
3211401,1
3211402,0
3211403,1
3211404,1
3211405,0
3211406,0
3211407,0
3211408,1
3211409,0
3211410,0
3211411,1
3211412,1
3211413,1
3211414,0
3211415,1
3211416,1
3211417,1
3211418,0
3211419,1
3211420,1
3211421,1
3211422,1
3211423,0
3211424,0
3211425,0
3211426,0
3211427,0
3211428,0
3211429,1
3211430,1
3211431,1
3211432,1
3211433,0
3211434,0
3211435,0
3211436,1
3211437,0
3211438,0
3211439,0
3211440,1
3211441,0
3211442,0
3211443,0
3211444,0
3211445,1
3211446,0
3211447,0
3211448,0
3211449,1
3211450,0
3211451,1
3211452,0
3211453,1
3211454,0
3211455,1
3211456,1
3211457,0
3211458,0
3211459,1
3211460,0
3211461,0
3211462,1
3211463,0
3211464,1
3211465,0
3211466,1
3211467,1
3211468,1
3211469,0
3211470,0
3211471,1
3211472,0
3211473,0
3211474,1
3211475,1
3211476,1
3211477,0
3211478,0
3211479,1
3211480,1
3211481,1
3211482,1
3211483,0
3211484,1
3211485,0
3211486,0
3211487,1
3211488,0
3211489,0
3211490,1
3211491,1
3211492,0
3211493,0
3211494,1
3211495,0
3211496,1
3211497,1
3211498,0
3211499,1
3211500,1
3211501,1
3211502,1
3211503,1
3211504,1
3211505,1
3211506,0
3211507,1
3211508,0
3211509,1
3211510,1
3211511,1
3211512,0
3211513,1
3211514,0
3211515,1
3211516,0
3211517,0
3211518,0
3211519,1
3211520,1
3211521,1
3211522,0
3211523,1
3211524,0
3211525,0
3211526,1
3211527,0
3211528,0
3211529,1
3211530,1
3211531,1
3211532,1
3211533,0
3211534,0
3211535,0
3211536,0
3211537,1
3211538,0
3211539,1
3211540,1
3211541,0
3211542,1
3211543,1
3211544,1
3211545,1
3211546,0
3211547,1
3211548,0
3211549,1
3211550,1
3211551,1
3211552,1
3211553,1
3211554,1
3211555,0
3211556,0
3211557,0
3211558,1
3211559,0
3211560,1
3211561,0
3211562,0
3211563,1
3211564,1
3211565,0
3211566,1
3211567,0
3211568,1
3211569,0
3211570,0
3211571,0
3211572,0
3211573,1
3211574,1
3211575,1
3211576,0
3211577,0
3211578,1
3211579,0
3211580,1
3211581,1
3211582,1
3211583,0
3211584,1
3211585,1
3211586,1
3211587,1
3211588,1
3211589,1
3211590,0
3211591,0
3211592,0
3211593,1
3211594,1
3211595,1
3211596,0
3211597,1
3211598,1
3211599,0
3211600,0
3211601,1
3211602,0
3211603,1
3211604,0
3211605,1
3211606,0
3211607,1
3211608,0
3211609,1
3211610,0
3211611,1
3211612,1
3211613,0
3211614,1
3211615,0
3211616,1
3211617,0
3211618,1
3211619,0
3211620,1
3211621,0
3211622,0
3211623,0
3211624,0
3211625,1
3211626,1
3211627,1
3211628,0
3211629,0
3211630,0
3211631,1
3211632,0
3211633,0
3211634,1
3211635,0
3211636,0
3211637,1
3211638,0
3211639,0
3211640,0
3211641,1
3211642,0
3211643,1
3211644,0
3211645,0
3211646,1
3211647,0
3211648,1
3211649,0
3211650,1
3211651,0
3211652,1
3211653,1
3211654,0
3211655,1
3211656,0
3211657,0
3211658,0
3211659,1
3211660,1
3211661,1
3211662,1
3211663,0
3211664,1
3211665,0
3211666,0
3211667,0
3211668,0
3211669,0
3211670,1
3211671,0
3211672,0
3211673,0
3211674,0
3211675,0
3211676,0
3211677,1
3211678,1
3211679,1
3211680,0
3211681,0
3211682,1
3211683,0
3211684,1
3211685,1
3211686,1
3211687,1
3211688,0
3211689,1
3211690,1
3211691,0
3211692,0
3211693,1
3211694,0
3211695,1
3211696,1
3211697,0
3211698,0
3211699,1
3211700,1
3211701,0
3211702,0
3211703,1
3211704,0
3211705,1
3211706,1
3211707,1
3211708,1
3211709,1
3211710,1
3211711,0
3211712,1
3211713,0
3211714,1
3211715,0
3211716,1
3211717,0
3211718,1
3211719,1
3211720,0
3211721,0
3211722,1
3211723,1
3211724,1
3211725,0
3211726,0
3211727,1
3211728,1
3211729,1
3211730,1
3211731,0
3211732,0
3211733,0
3211734,0
3211735,0
3211736,0
3211737,1
3211738,0
3211739,1
3211740,1
3211741,0
3211742,0
3211743,0
3211744,0
3211745,1
3211746,0
3211747,0
3211748,0
3211749,1
3211750,1
3211751,1
3211752,1
3211753,0
3211754,1
3211755,1
3211756,0
3211757,1
3211758,0
3211759,0
3211760,1
3211761,1
3211762,0
3211763,1
3211764,0
3211765,0
3211766,1
3211767,0
3211768,0
3211769,1
3211770,1
3211771,1
3211772,0
3211773,1
3211774,0
3211775,1
3211776,0
3211777,1
3211778,1
3211779,1
3211780,1
3211781,0
3211782,1
3211783,1
3211784,1
3211785,1
3211786,0
3211787,1
3211788,1
3211789,0
3211790,1
3211791,1
3211792,1
3211793,1
3211794,0
3211795,1
3211796,1
3211797,0
3211798,0
3211799,1
3211800,1
3211801,0
3211802,0
3211803,1
3211804,1
3211805,0
3211806,1
3211807,1
3211808,1
3211809,1
3211810,1
3211811,1
3211812,1
3211813,1
3211814,0
3211815,1
3211816,1
3211817,0
3211818,1
3211819,0
3211820,0
3211821,0
3211822,0
3211823,1
3211824,1
3211825,1
3211826,0
3211827,0
3211828,0
3211829,0
3211830,1
3211831,0
3211832,0
3211833,1
3211834,1
3211835,0
3211836,0
3211837,1
3211838,0
3211839,0
3211840,0
3211841,1
3211842,1
3211843,0
3211844,0
3211845,1
3211846,0
3211847,0
3211848,1
3211849,0
3211850,1
3211851,0
3211852,0
3211853,1
3211854,1
3211855,0
3211856,1
3211857,1
3211858,1
3211859,0
3211860,0
3211861,1
3211862,0
3211863,0
3211864,0
3211865,1
3211866,1
3211867,1
3211868,0
3211869,1
3211870,0
3211871,0
3211872,1
3211873,0
3211874,1
3211875,0
3211876,0
3211877,0
3211878,0
3211879,1
3211880,1
3211881,1
3211882,1
3211883,0
3211884,0
3211885,0
3211886,0
3211887,0
3211888,1
3211889,0
3211890,1
3211891,1
3211892,0
3211893,0
3211894,1
3211895,1
3211896,1
3211897,0
3211898,0
3211899,0
3211900,1
3211901,1
3211902,0
3211903,0
3211904,1
3211905,1
3211906,1
3211907,1
3211908,1
3211909,1
3211910,1
3211911,0
3211912,1
3211913,1
3211914,0
3211915,1
3211916,1
3211917,1
3211918,0
3211919,0
3211920,1
3211921,0
3211922,0
3211923,1
3211924,0
3211925,0
3211926,0
3211927,0
3211928,0
3211929,1
3211930,1
3211931,1
3211932,0
3211933,0
3211934,1
3211935,0
3211936,1
3211937,1
3211938,1
3211939,1
3211940,1
3211941,1
3211942,0
3211943,1
3211944,0
3211945,0
3211946,0
3211947,0
3211948,1
3211949,1
3211950,0
3211951,0
3211952,1
3211953,0
3211954,1
3211955,0
3211956,0
3211957,1
3211958,1
3211959,1
3211960,1
3211961,0
3211962,1
3211963,0
3211964,0
3211965,0
3211966,0
3211967,1
3211968,1
3211969,1
3211970,0
3211971,1
3211972,0
3211973,0
3211974,1
3211975,0
3211976,0
3211977,1
3211978,0
3211979,1
3211980,0
3211981,1
3211982,0
3211983,1
3211984,1
3211985,0
3211986,1
3211987,1
3211988,1
3211989,1
3211990,1
3211991,0
3211992,0
3211993,0
3211994,1
3211995,0
3211996,0
3211997,0
3211998,1
3211999,0
3212000,0
3212001,0
3212002,1
3212003,1
3212004,0
3212005,0
3212006,0
3212007,0
3212008,0
3212009,1
3212010,0
3212011,0
3212012,1
3212013,0
3212014,0
3212015,0
3212016,0
3212017,0
3212018,0
3212019,0
3212020,1
3212021,1
3212022,1
3212023,1
3212024,1
3212025,1
3212026,0
3212027,1
3212028,0
3212029,0
3212030,0
3212031,0
3212032,0
3212033,0
3212034,0
3212035,0
3212036,1
3212037,1
3212038,1
3212039,0
3212040,0
3212041,1
3212042,0
3212043,1
3212044,1
3212045,0
3212046,0
3212047,1
3212048,0
3212049,1
3212050,0
3212051,1
3212052,0
3212053,1
3212054,1
3212055,0
3212056,1
3212057,1
3212058,1
3212059,0
3212060,0
3212061,1
3212062,1
3212063,0
3212064,0
3212065,0
3212066,0
3212067,1
3212068,0
3212069,0
3212070,0
3212071,1
3212072,1
3212073,1
3212074,1
3212075,1
3212076,0
3212077,1
3212078,1
3212079,1
3212080,0
3212081,1
3212082,1
3212083,0
3212084,1
3212085,0
3212086,1
3212087,0
3212088,1
3212089,0
3212090,1
3212091,1
3212092,1
3212093,0
3212094,1
3212095,1
3212096,0
3212097,1
3212098,0
3212099,1
3212100,1
3212101,0
3212102,1
3212103,0
3212104,1
3212105,1
3212106,0
3212107,1
3212108,1
3212109,0
3212110,0
3212111,1
3212112,0
3212113,1
3212114,1
3212115,0
3212116,1
3212117,1
3212118,1
3212119,1
3212120,0
3212121,1
3212122,1
3212123,0
3212124,1
3212125,1
3212126,0
3212127,0
3212128,1
3212129,0
3212130,0
3212131,1
3212132,1
3212133,0
3212134,0
3212135,0
3212136,1
3212137,0
3212138,1
3212139,0
3212140,1
3212141,0
3212142,0
3212143,1
3212144,0
3212145,0
3212146,1
3212147,1
3212148,1
3212149,1
3212150,0
3212151,1
3212152,1
3212153,0
3212154,0
3212155,1
3212156,0
3212157,1
3212158,0
3212159,1
3212160,1
3212161,0
3212162,1
3212163,1
3212164,1
3212165,1
3212166,1
3212167,1
3212168,1
3212169,0
3212170,1
3212171,1
3212172,0
3212173,1
3212174,1
3212175,1
3212176,1
3212177,1
3212178,1
3212179,0
3212180,1
3212181,0
3212182,0
3212183,1
3212184,0
3212185,0
3212186,1
3212187,0
3212188,1
3212189,1
3212190,1
3212191,1
3212192,0
3212193,1
3212194,0
3212195,1
3212196,1
3212197,0
3212198,0
3212199,1
3212200,1
3212201,0
3212202,1
3212203,0
3212204,0
3212205,1
3212206,0
3212207,1
3212208,0
3212209,0
3212210,0
3212211,1
3212212,0
3212213,0
3212214,0
3212215,1
3212216,1
3212217,1
3212218,1
3212219,1
3212220,1
3212221,1
3212222,0
3212223,0
3212224,1
3212225,0
3212226,0
3212227,1
3212228,1
3212229,0
3212230,1
3212231,0
3212232,1
3212233,1
3212234,1
3212235,0
3212236,1
3212237,1
3212238,1
3212239,0
3212240,0
3212241,1
3212242,0
3212243,1
3212244,0
3212245,0
3212246,0
3212247,0
3212248,1
3212249,0
3212250,0
3212251,0
3212252,0
3212253,1
3212254,1
3212255,0
3212256,1
3212257,1
3212258,0
3212259,1
3212260,0
3212261,0
3212262,0
3212263,1
3212264,1
3212265,0
3212266,1
3212267,0
3212268,1
3212269,0
3212270,1
3212271,0
3212272,1
3212273,1
3212274,0
3212275,1
3212276,0
3212277,0
3212278,0
3212279,0
3212280,1
3212281,0
3212282,1
3212283,1
3212284,0
3212285,0
3212286,0
3212287,1
3212288,0
3212289,0
3212290,1
3212291,1
3212292,1
3212293,1
3212294,1
3212295,0
3212296,1
3212297,0
3212298,0
3212299,1
3212300,1
3212301,1
3212302,0
3212303,1
3212304,0
3212305,1
3212306,1
3212307,0
3212308,1
3212309,1
3212310,0
3212311,0
3212312,0
3212313,0
3212314,0
3212315,0
3212316,0
3212317,1
3212318,1
3212319,0
3212320,1
3212321,0
3212322,1
3212323,1
3212324,0
3212325,1
3212326,0
3212327,0
3212328,1
3212329,1
3212330,1
3212331,0
3212332,1
3212333,0
3212334,1
3212335,0
3212336,0
3212337,0
3212338,1
3212339,1
3212340,1
3212341,1
3212342,0
3212343,0
3212344,0
3212345,0
3212346,0
3212347,1
3212348,1
3212349,1
3212350,0
3212351,1
3212352,0
3212353,1
3212354,0
3212355,0
3212356,1
3212357,1
3212358,1
3212359,1
3212360,1
3212361,0
3212362,1
3212363,0
3212364,1
3212365,1
3212366,0
3212367,0
3212368,1
3212369,1
3212370,0
3212371,1
3212372,0
3212373,0
3212374,0
3212375,0
3212376,0
3212377,0
3212378,0
3212379,0
3212380,0
3212381,0
3212382,0
3212383,1
3212384,0
3212385,1
3212386,1
3212387,0
3212388,1
3212389,1
3212390,1
3212391,1
3212392,1
3212393,1
3212394,1
3212395,1
3212396,1
3212397,0
3212398,0
3212399,0
3212400,1
3212401,1
3212402,0
3212403,0
3212404,0
3212405,0
3212406,0
3212407,0
3212408,1
3212409,0
3212410,1
3212411,0
3212412,1
3212413,1
3212414,0
3212415,0
3212416,1
3212417,0
3212418,0
3212419,1
3212420,1
3212421,1
3212422,0
3212423,0
3212424,0
3212425,0
3212426,1
3212427,1
3212428,0
3212429,1
3212430,0
3212431,0
3212432,0
3212433,0
3212434,0
3212435,0
3212436,0
3212437,1
3212438,1
3212439,1
3212440,0
3212441,0
3212442,0
3212443,1
3212444,0
3212445,0
3212446,1
3212447,0
3212448,0
3212449,0
3212450,1
3212451,0
3212452,0
3212453,0
3212454,0
3212455,1
3212456,1
3212457,0
3212458,1
3212459,0
3212460,1
3212461,0
3212462,0
3212463,0
3212464,0
3212465,0
3212466,1
3212467,0
3212468,1
3212469,1
3212470,1
3212471,1
3212472,1
3212473,1
3212474,1
3212475,0
3212476,1
3212477,1
3212478,0
3212479,0
3212480,0
3212481,1
3212482,1
3212483,0
3212484,1
3212485,1
3212486,1
3212487,1
3212488,1
3212489,1
3212490,0
3212491,0
3212492,0
3212493,1
3212494,1
3212495,1
3212496,0
3212497,0
3212498,0
3212499,1
3212500,1
3212501,0
3212502,0
3212503,1
3212504,0
3212505,1
3212506,0
3212507,0
3212508,1
3212509,1
3212510,1
3212511,1
3212512,0
3212513,1
3212514,0
3212515,0
3212516,1
3212517,1
3212518,0
3212519,1
3212520,0
3212521,1
3212522,1
3212523,1
3212524,1
3212525,0
3212526,1
3212527,1
3212528,1
3212529,1
3212530,0
3212531,0
3212532,1
3212533,1
3212534,0
3212535,0
3212536,1
3212537,0
3212538,0
3212539,0
3212540,0
3212541,0
3212542,1
3212543,0
3212544,1
3212545,0
3212546,0
3212547,1
3212548,0
3212549,1
3212550,1
3212551,1
3212552,1
3212553,1
3212554,0
3212555,0
3212556,1
3212557,0
3212558,1
3212559,0
3212560,0
3212561,0
3212562,0
3212563,0
3212564,1
3212565,0
3212566,0
3212567,1
3212568,0
3212569,0
3212570,0
3212571,0
3212572,1
3212573,0
3212574,0
3212575,0
3212576,0
3212577,0
3212578,1
3212579,0
3212580,1
3212581,1
3212582,0
3212583,1
3212584,1
3212585,0
3212586,1
3212587,1
3212588,0
3212589,0
3212590,0
3212591,0
3212592,0
3212593,1
3212594,1
3212595,0
3212596,1
3212597,0
3212598,0
3212599,0
3212600,1
3212601,0
3212602,1
3212603,1
3212604,0
3212605,1
3212606,0
3212607,0
3212608,1
3212609,1
3212610,0
3212611,1
3212612,0
3212613,0
3212614,0
3212615,0
3212616,0
3212617,0
3212618,1
3212619,1
3212620,1
3212621,1
3212622,0
3212623,0
3212624,1
3212625,0
3212626,0
3212627,1
3212628,1
3212629,1
3212630,1
3212631,1
3212632,1
3212633,1
3212634,1
3212635,0
3212636,1
3212637,1
3212638,1
3212639,1
3212640,0
3212641,0
3212642,0
3212643,1
3212644,1
3212645,0
3212646,0
3212647,1
3212648,0
3212649,1
3212650,1
3212651,0
3212652,0
3212653,1
3212654,0
3212655,0
3212656,0
3212657,1
3212658,0
3212659,0
3212660,0
3212661,1
3212662,0
3212663,0
3212664,0
3212665,0
3212666,0
3212667,1
3212668,1
3212669,1
3212670,0
3212671,1
3212672,1
3212673,1
3212674,1
3212675,1
3212676,0
3212677,1
3212678,1
3212679,1
3212680,1
3212681,0
3212682,1
3212683,0
3212684,0
3212685,0
3212686,0
3212687,0
3212688,1
3212689,1
3212690,0
3212691,1
3212692,0
3212693,0
3212694,1
3212695,0
3212696,1
3212697,1
3212698,0
3212699,0
3212700,0
3212701,1
3212702,1
3212703,1
3212704,1
3212705,1
3212706,0
3212707,0
3212708,0
3212709,1
3212710,1
3212711,1
3212712,1
3212713,1
3212714,0
3212715,0
3212716,1
3212717,0
3212718,1
3212719,0
3212720,0
3212721,0
3212722,0
3212723,0
3212724,1
3212725,0
3212726,0
3212727,0
3212728,1
3212729,0
3212730,1
3212731,1
3212732,1
3212733,1
3212734,0
3212735,1
3212736,0
3212737,0
3212738,1
3212739,1
3212740,1
3212741,0
3212742,0
3212743,0
3212744,1
3212745,0
3212746,1
3212747,0
3212748,0
3212749,0
3212750,0
3212751,1
3212752,1
3212753,1
3212754,1
3212755,1
3212756,1
3212757,1
3212758,1
3212759,1
3212760,1
3212761,1
3212762,0
3212763,1
3212764,0
3212765,1
3212766,0
3212767,1
3212768,0
3212769,1
3212770,0
3212771,0
3212772,0
3212773,0
3212774,0
3212775,0
3212776,0
3212777,0
3212778,1
3212779,0
3212780,1
3212781,0
3212782,0
3212783,1
3212784,1
3212785,0
3212786,1
3212787,1
3212788,1
3212789,0
3212790,1
3212791,0
3212792,0
3212793,0
3212794,0
3212795,1
3212796,0
3212797,0
3212798,0
3212799,0
3212800,1
3212801,0
3212802,1
3212803,0
3212804,0
3212805,0
3212806,0
3212807,1
3212808,0
3212809,0
3212810,1
3212811,0
3212812,0
3212813,1
3212814,0
3212815,1
3212816,1
3212817,1
3212818,1
3212819,0
3212820,0
3212821,1
3212822,1
3212823,0
3212824,1
3212825,0
3212826,1
3212827,0
3212828,0
3212829,1
3212830,1
3212831,0
3212832,0
3212833,0
3212834,0
3212835,0
3212836,1
3212837,1
3212838,1
3212839,0
3212840,0
3212841,0
3212842,0
3212843,1
3212844,0
3212845,0
3212846,0
3212847,0
3212848,0
3212849,1
3212850,0
3212851,0
3212852,1
3212853,1
3212854,1
3212855,1
3212856,0
3212857,1
3212858,1
3212859,0
3212860,1
3212861,1
3212862,0
3212863,0
3212864,0
3212865,0
3212866,0
3212867,1
3212868,1
3212869,0
3212870,1
3212871,1
3212872,1
3212873,1
3212874,0
3212875,0
3212876,0
3212877,1
3212878,0
3212879,0
3212880,1
3212881,0
3212882,0
3212883,0
3212884,0
3212885,1
3212886,0
3212887,0
3212888,0
3212889,1
3212890,0
3212891,1
3212892,1
3212893,0
3212894,0
3212895,0
3212896,1
3212897,0
3212898,0
3212899,1
3212900,0
3212901,1
3212902,1
3212903,0
3212904,0
3212905,1
3212906,1
3212907,1
3212908,0
3212909,0
3212910,0
3212911,0
3212912,1
3212913,0
3212914,0
3212915,1
3212916,0
3212917,1
3212918,0
3212919,1
3212920,0
3212921,1
3212922,0
3212923,0
3212924,0
3212925,0
3212926,0
3212927,1
3212928,1
3212929,1
3212930,0
3212931,1
3212932,1
3212933,1
3212934,1
3212935,0
3212936,1
3212937,1
3212938,0
3212939,1
3212940,1
3212941,0
3212942,0
3212943,0
3212944,0
3212945,0
3212946,1
3212947,0
3212948,1
3212949,0
3212950,1
3212951,0
3212952,0
3212953,1
3212954,1
3212955,1
3212956,0
3212957,1
3212958,0
3212959,1
3212960,0
3212961,0
3212962,1
3212963,1
3212964,1
3212965,0
3212966,0
3212967,1
3212968,0
3212969,1
3212970,0
3212971,1
3212972,0
3212973,1
3212974,1
3212975,1
3212976,0
3212977,0
3212978,0
3212979,0
3212980,1
3212981,1
3212982,1
3212983,1
3212984,0
3212985,0
3212986,0
3212987,0
3212988,1
3212989,0
3212990,0
3212991,0
3212992,1
3212993,1
3212994,0
3212995,1
3212996,0
3212997,0
3212998,0
3212999,1
3213000,0
3213001,1
3213002,0
3213003,0
3213004,1
3213005,0
3213006,1
3213007,1
3213008,0
3213009,0
3213010,0
3213011,1
3213012,1
3213013,1
3213014,1
3213015,1
3213016,0
3213017,1
3213018,0
3213019,0
3213020,1
3213021,0
3213022,1
3213023,0
3213024,1
3213025,0
3213026,0
3213027,1
3213028,0
3213029,0
3213030,1
3213031,0
3213032,1
3213033,1
3213034,1
3213035,0
3213036,1
3213037,1
3213038,1
3213039,0
3213040,1
3213041,1
3213042,1
3213043,0
3213044,0
3213045,1
3213046,0
3213047,0
3213048,1
3213049,1
3213050,1
3213051,0
3213052,1
3213053,1
3213054,1
3213055,1
3213056,0
3213057,1
3213058,0
3213059,1
3213060,1
3213061,1
3213062,0
3213063,0
3213064,1
3213065,0
3213066,1
3213067,0
3213068,0
3213069,0
3213070,0
3213071,0
3213072,1
3213073,1
3213074,1
3213075,1
3213076,1
3213077,0
3213078,1
3213079,1
3213080,1
3213081,0
3213082,1
3213083,0
3213084,1
3213085,0
3213086,0
3213087,0
3213088,0
3213089,1
3213090,1
3213091,0
3213092,1
3213093,1
3213094,0
3213095,1
3213096,0
3213097,1
3213098,0
3213099,0
3213100,1
3213101,1
3213102,1
3213103,1
3213104,0
3213105,1
3213106,1
3213107,1
3213108,0
3213109,1
3213110,0
3213111,0
3213112,1
3213113,0
3213114,1
3213115,1
3213116,0
3213117,1
3213118,0
3213119,1
3213120,0
3213121,0
3213122,0
3213123,0
3213124,1
3213125,1
3213126,1
3213127,0
3213128,1
3213129,0
3213130,0
3213131,0
3213132,1
3213133,1
3213134,1
3213135,0
3213136,0
3213137,0
3213138,1
3213139,1
3213140,0
3213141,1
3213142,0
3213143,0
3213144,0
3213145,1
3213146,1
3213147,1
3213148,1
3213149,0
3213150,0
3213151,0
3213152,1
3213153,1
3213154,0
3213155,0
3213156,0
3213157,0
3213158,0
3213159,0
3213160,1
3213161,1
3213162,0
3213163,0
3213164,1
3213165,1
3213166,0
3213167,0
3213168,1
3213169,0
3213170,1
3213171,0
3213172,1
3213173,1
3213174,0
3213175,1
3213176,0
3213177,1
3213178,1
3213179,0
3213180,0
3213181,1
3213182,0
3213183,0
3213184,0
3213185,0
3213186,0
3213187,1
3213188,0
3213189,0
3213190,0
3213191,0
3213192,0
3213193,1
3213194,0
3213195,1
3213196,1
3213197,0
3213198,1
3213199,1
3213200,0
3213201,0
3213202,0
3213203,1
3213204,0
3213205,0
3213206,1
3213207,0
3213208,1
3213209,0
3213210,0
3213211,1
3213212,1
3213213,1
3213214,1
3213215,0
3213216,0
3213217,0
3213218,1
3213219,0
3213220,0
3213221,1
3213222,0
3213223,0
3213224,0
3213225,1
3213226,1
3213227,1
3213228,1
3213229,1
3213230,0
3213231,0
3213232,1
3213233,0
3213234,0
3213235,1
3213236,0
3213237,0
3213238,0
3213239,0
3213240,1
3213241,0
3213242,1
3213243,1
3213244,1
3213245,0
3213246,0
3213247,1
3213248,1
3213249,1
3213250,1
3213251,0
3213252,1
3213253,0
3213254,1
3213255,1
3213256,1
3213257,0
3213258,0
3213259,0
3213260,0
3213261,0
3213262,1
3213263,0
3213264,0
3213265,0
3213266,1
3213267,1
3213268,0
3213269,0
3213270,1
3213271,1
3213272,0
3213273,0
3213274,1
3213275,1
3213276,1
3213277,0
3213278,0
3213279,0
3213280,1
3213281,1
3213282,0
3213283,1
3213284,1
3213285,1
3213286,1
3213287,1
3213288,0
3213289,0
3213290,1
3213291,0
3213292,1
3213293,1
3213294,1
3213295,0
3213296,1
3213297,0
3213298,0
3213299,1
3213300,0
3213301,1
3213302,1
3213303,1
3213304,1
3213305,1
3213306,0
3213307,1
3213308,0
3213309,0
3213310,0
3213311,1
3213312,1
3213313,1
3213314,0
3213315,1
3213316,0
3213317,1
3213318,0
3213319,1
3213320,0
3213321,0
3213322,1
3213323,1
3213324,0
3213325,0
3213326,1
3213327,0
3213328,1
3213329,1
3213330,1
3213331,0
3213332,1
3213333,0
3213334,1
3213335,0
3213336,0
3213337,1
3213338,1
3213339,0
3213340,1
3213341,0
3213342,1
3213343,0
3213344,1
3213345,1
3213346,1
3213347,0
3213348,0
3213349,0
3213350,1
3213351,0
3213352,0
3213353,0
3213354,1
3213355,0
3213356,1
3213357,1
3213358,0
3213359,0
3213360,0
3213361,0
3213362,0
3213363,1
3213364,0
3213365,0
3213366,1
3213367,1
3213368,1
3213369,1
3213370,0
3213371,0
3213372,0
3213373,1
3213374,0
3213375,0
3213376,1
3213377,1
3213378,0
3213379,1
3213380,1
3213381,1
3213382,1
3213383,0
3213384,0
3213385,0
3213386,0
3213387,0
3213388,0
3213389,1
3213390,0
3213391,1
3213392,0
3213393,1
3213394,1
3213395,1
3213396,1
3213397,1
3213398,0
3213399,0
3213400,1
3213401,0
3213402,0
3213403,1
3213404,1
3213405,1
3213406,1
3213407,1
3213408,0
3213409,1
3213410,0
3213411,0
3213412,1
3213413,0
3213414,1
3213415,0
3213416,0
3213417,0
3213418,1
3213419,1
3213420,0
3213421,1
3213422,0
3213423,0
3213424,1
3213425,0
3213426,1
3213427,1
3213428,0
3213429,1
3213430,1
3213431,1
3213432,0
3213433,0
3213434,1
3213435,1
3213436,1
3213437,0
3213438,1
3213439,0
3213440,1
3213441,0
3213442,1
3213443,0
3213444,0
3213445,0
3213446,0
3213447,0
3213448,0
3213449,0
3213450,0
3213451,1
3213452,0
3213453,1
3213454,0
3213455,1
3213456,1
3213457,0
3213458,1
3213459,1
3213460,1
3213461,0
3213462,1
3213463,1
3213464,0
3213465,1
3213466,1
3213467,1
3213468,0
3213469,1
3213470,0
3213471,1
3213472,0
3213473,0
3213474,0
3213475,1
3213476,1
3213477,0
3213478,1
3213479,1
3213480,1
3213481,1
3213482,0
3213483,0
3213484,0
3213485,0
3213486,1
3213487,1
3213488,0
3213489,0
3213490,0
3213491,0
3213492,1
3213493,0
3213494,0
3213495,0
3213496,1
3213497,0
3213498,1
3213499,0
3213500,0
3213501,1
3213502,1
3213503,1
3213504,0
3213505,1
3213506,0
3213507,0
3213508,1
3213509,0
3213510,1
3213511,1
3213512,0
3213513,1
3213514,1
3213515,0
3213516,1
3213517,0
3213518,0
3213519,0
3213520,0
3213521,1
3213522,1
3213523,1
3213524,1
3213525,1
3213526,1
3213527,1
3213528,1
3213529,1
3213530,0
3213531,1
3213532,0
3213533,0
3213534,1
3213535,1
3213536,0
3213537,1
3213538,0
3213539,0
3213540,0
3213541,1
3213542,1
3213543,1
3213544,0
3213545,0
3213546,1
3213547,1
3213548,1
3213549,1
3213550,1
3213551,0
3213552,0
3213553,1
3213554,1
3213555,0
3213556,1
3213557,0
3213558,1
3213559,1
3213560,0
3213561,0
3213562,0
3213563,1
3213564,0
3213565,1
3213566,0
3213567,0
3213568,1
3213569,0
3213570,0
3213571,1
3213572,0
3213573,0
3213574,0
3213575,0
3213576,0
3213577,0
3213578,0
3213579,1
3213580,0
3213581,1
3213582,1
3213583,0
3213584,1
3213585,1
3213586,1
3213587,0
3213588,0
3213589,0
3213590,0
3213591,1
3213592,1
3213593,1
3213594,0
3213595,0
3213596,1
3213597,1
3213598,0
3213599,1
3213600,0
3213601,0
3213602,1
3213603,0
3213604,0
3213605,1
3213606,0
3213607,0
3213608,0
3213609,1
3213610,0
3213611,1
3213612,1
3213613,1
3213614,1
3213615,0
3213616,1
3213617,0
3213618,0
3213619,0
3213620,0
3213621,1
3213622,0
3213623,1
3213624,1
3213625,1
3213626,0
3213627,1
3213628,0
3213629,0
3213630,1
3213631,1
3213632,0
3213633,0
3213634,1
3213635,1
3213636,1
3213637,0
3213638,1
3213639,0
3213640,0
3213641,1
3213642,1
3213643,0
3213644,0
3213645,1
3213646,1
3213647,0
3213648,0
3213649,1
3213650,0
3213651,0
3213652,0
3213653,0
3213654,0
3213655,1
3213656,1
3213657,1
3213658,0
3213659,1
3213660,1
3213661,0
3213662,0
3213663,1
3213664,0
3213665,0
3213666,1
3213667,0
3213668,1
3213669,1
3213670,1
3213671,0
3213672,1
3213673,0
3213674,1
3213675,1
3213676,0
3213677,0
3213678,1
3213679,0
3213680,1
3213681,1
3213682,1
3213683,0
3213684,0
3213685,1
3213686,0
3213687,1
3213688,1
3213689,1
3213690,0
3213691,0
3213692,0
3213693,1
3213694,1
3213695,0
3213696,0
3213697,1
3213698,1
3213699,1
3213700,1
3213701,1
3213702,1
3213703,1
3213704,0
3213705,1
3213706,0
3213707,0
3213708,1
3213709,1
3213710,1
3213711,0
3213712,1
3213713,1
3213714,1
3213715,1
3213716,1
3213717,0
3213718,0
3213719,1
3213720,0
3213721,0
3213722,0
3213723,1
3213724,0
3213725,1
3213726,0
3213727,0
3213728,0
3213729,1
3213730,0
3213731,1
3213732,0
3213733,1
3213734,0
3213735,0
3213736,1
3213737,1
3213738,1
3213739,0
3213740,1
3213741,0
3213742,0
3213743,1
3213744,0
3213745,1
3213746,0
3213747,1
3213748,0
3213749,1
3213750,1
3213751,1
3213752,0
3213753,0
3213754,0
3213755,1
3213756,0
3213757,0
3213758,0
3213759,1
3213760,0
3213761,1
3213762,0
3213763,1
3213764,0
3213765,0
3213766,0
3213767,1
3213768,1
3213769,0
3213770,0
3213771,0
3213772,0
3213773,1
3213774,0
3213775,0
3213776,1
3213777,1
3213778,1
3213779,1
3213780,0
3213781,0
3213782,0
3213783,0
3213784,0
3213785,0
3213786,1
3213787,1
3213788,0
3213789,1
3213790,0
3213791,1
3213792,1
3213793,0
3213794,0
3213795,0
3213796,1
3213797,0
3213798,0
3213799,1
3213800,1
3213801,1
3213802,1
3213803,0
3213804,0
3213805,1
3213806,0
3213807,0
3213808,0
3213809,0
3213810,1
3213811,0
3213812,0
3213813,0
3213814,1
3213815,1
3213816,1
3213817,1
3213818,1
3213819,0
3213820,1
3213821,0
3213822,1
3213823,1
3213824,0
3213825,0
3213826,0
3213827,0
3213828,0
3213829,0
3213830,0
3213831,1
3213832,1
3213833,0
3213834,1
3213835,0
3213836,1
3213837,0
3213838,1
3213839,1
3213840,1
3213841,1
3213842,1
3213843,0
3213844,0
3213845,0
3213846,0
3213847,0
3213848,1
3213849,0
3213850,1
3213851,1
3213852,0
3213853,1
3213854,1
3213855,1
3213856,0
3213857,0
3213858,1
3213859,1
3213860,0
3213861,0
3213862,0
3213863,1
3213864,1
3213865,0
3213866,0
3213867,0
3213868,0
3213869,1
3213870,1
3213871,0
3213872,1
3213873,0
3213874,0
3213875,1
3213876,0
3213877,1
3213878,0
3213879,1
3213880,0
3213881,1
3213882,0
3213883,0
3213884,0
3213885,0
3213886,1
3213887,1
3213888,1
3213889,1
3213890,1
3213891,1
3213892,0
3213893,1
3213894,0
3213895,0
3213896,1
3213897,0
3213898,1
3213899,0
3213900,1
3213901,1
3213902,0
3213903,1
3213904,0
3213905,1
3213906,0
3213907,1
3213908,1
3213909,0
3213910,1
3213911,0
3213912,1
3213913,1
3213914,0
3213915,0
3213916,0
3213917,1
3213918,1
3213919,0
3213920,1
3213921,1
3213922,1
3213923,0
3213924,1
3213925,0
3213926,1
3213927,0
3213928,0
3213929,1
3213930,0
3213931,0
3213932,1
3213933,1
3213934,1
3213935,0
3213936,1
3213937,1
3213938,1
3213939,0
3213940,0
3213941,0
3213942,1
3213943,1
3213944,0
3213945,1
3213946,1
3213947,0
3213948,1
3213949,1
3213950,0
3213951,0
3213952,0
3213953,1
3213954,1
3213955,0
3213956,0
3213957,1
3213958,1
3213959,0
3213960,0
3213961,0
3213962,0
3213963,0
3213964,1
3213965,0
3213966,1
3213967,1
3213968,1
3213969,0
3213970,0
3213971,0
3213972,1
3213973,1
3213974,1
3213975,0
3213976,0
3213977,1
3213978,1
3213979,0
3213980,1
3213981,1
3213982,0
3213983,1
3213984,0
3213985,0
3213986,1
3213987,0
3213988,1
3213989,1
3213990,0
3213991,0
3213992,0
3213993,1
3213994,1
3213995,1
3213996,1
3213997,1
3213998,0
3213999,1
3214000,0
3214001,0
3214002,0
3214003,1
3214004,0
3214005,1
3214006,1
3214007,1
3214008,1
3214009,0
3214010,0
3214011,1
3214012,1
3214013,0
3214014,1
3214015,0
3214016,1
3214017,0
3214018,1
3214019,1
3214020,0
3214021,1
3214022,0
3214023,1
3214024,0
3214025,0
3214026,1
3214027,1
3214028,1
3214029,1
3214030,1
3214031,0
3214032,0
3214033,1
3214034,0
3214035,1
3214036,1
3214037,0
3214038,1
3214039,1
3214040,1
3214041,1
3214042,0
3214043,0
3214044,1
3214045,0
3214046,0
3214047,0
3214048,1
3214049,0
3214050,0
3214051,0
3214052,0
3214053,0
3214054,1
3214055,0
3214056,1
3214057,1
3214058,1
3214059,1
3214060,0
3214061,0
3214062,0
3214063,1
3214064,0
3214065,1
3214066,1
3214067,1
3214068,1
3214069,1
3214070,0
3214071,0
3214072,1
3214073,0
3214074,0
3214075,1
3214076,1
3214077,0
3214078,0
3214079,0
3214080,1
3214081,0
3214082,1
3214083,0
3214084,1
3214085,1
3214086,0
3214087,1
3214088,1
3214089,1
3214090,0
3214091,0
3214092,1
3214093,1
3214094,1
3214095,1
3214096,1
3214097,1
3214098,1
3214099,0
3214100,1
3214101,1
3214102,1
3214103,1
3214104,1
3214105,0
3214106,0
3214107,1
3214108,0
3214109,1
3214110,1
3214111,1
3214112,1
3214113,1
3214114,0
3214115,0
3214116,0
3214117,0
3214118,0
3214119,0
3214120,0
3214121,1
3214122,1
3214123,0
3214124,0
3214125,1
3214126,1
3214127,0
3214128,1
3214129,0
3214130,1
3214131,1
3214132,0
3214133,0
3214134,1
3214135,0
3214136,1
3214137,1
3214138,0
3214139,0
3214140,0
3214141,0
3214142,0
3214143,0
3214144,0
3214145,1
3214146,1
3214147,0
3214148,1
3214149,0
3214150,0
3214151,1
3214152,0
3214153,0
3214154,1
3214155,1
3214156,1
3214157,0
3214158,1
3214159,0
3214160,0
3214161,0
3214162,1
3214163,0
3214164,1
3214165,0
3214166,0
3214167,0
3214168,1
3214169,1
3214170,0
3214171,1
3214172,0
3214173,1
3214174,1
3214175,0
3214176,1
3214177,0
3214178,1
3214179,1
3214180,1
3214181,0
3214182,0
3214183,1
3214184,1
3214185,1
3214186,0
3214187,0
3214188,0
3214189,0
3214190,0
3214191,1
3214192,0
3214193,1
3214194,1
3214195,1
3214196,1
3214197,0
3214198,1
3214199,0
3214200,0
3214201,0
3214202,0
3214203,1
3214204,0
3214205,1
3214206,0
3214207,0
3214208,0
3214209,1
3214210,0
3214211,0
3214212,1
3214213,1
3214214,0
3214215,1
3214216,1
3214217,1
3214218,0
3214219,0
3214220,1
3214221,1
3214222,0
3214223,0
3214224,0
3214225,1
3214226,1
3214227,1
3214228,0
3214229,1
3214230,0
3214231,0
3214232,0
3214233,1
3214234,1
3214235,1
3214236,1
3214237,1
3214238,0
3214239,0
3214240,1
3214241,1
3214242,1
3214243,0
3214244,1
3214245,1
3214246,0
3214247,0
3214248,1
3214249,1
3214250,1
3214251,1
3214252,1
3214253,1
3214254,1
3214255,0
3214256,1
3214257,1
3214258,0
3214259,1
3214260,1
3214261,1
3214262,0
3214263,0
3214264,1
3214265,0
3214266,1
3214267,0
3214268,1
3214269,0
3214270,0
3214271,0
3214272,0
3214273,0
3214274,1
3214275,1
3214276,0
3214277,1
3214278,1
3214279,0
3214280,0
3214281,0
3214282,1
3214283,1
3214284,0
3214285,1
3214286,0
3214287,0
3214288,1
3214289,1
3214290,1
3214291,1
3214292,0
3214293,1
3214294,0
3214295,1
3214296,1
3214297,1
3214298,0
3214299,1
3214300,0
3214301,0
3214302,1
3214303,1
3214304,0
3214305,0
3214306,1
3214307,0
3214308,1
3214309,0
3214310,0
3214311,1
3214312,1
3214313,1
3214314,1
3214315,0
3214316,0
3214317,1
3214318,0
3214319,0
3214320,1
3214321,0
3214322,0
3214323,0
3214324,1
3214325,1
3214326,1
3214327,1
3214328,0
3214329,0
3214330,1
3214331,1
3214332,0
3214333,1
3214334,1
3214335,0
3214336,1
3214337,1
3214338,0
3214339,1
3214340,0
3214341,1
3214342,0
3214343,1
3214344,0
3214345,0
3214346,0
3214347,1
3214348,1
3214349,1
3214350,0
3214351,0
3214352,1
3214353,1
3214354,0
3214355,0
3214356,1
3214357,1
3214358,1
3214359,0
3214360,0
3214361,0
3214362,1
3214363,0
3214364,1
3214365,0
3214366,1
3214367,1
3214368,0
3214369,0
3214370,0
3214371,1
3214372,1
3214373,1
3214374,0
3214375,1
3214376,1
3214377,1
3214378,1
3214379,1
3214380,1
3214381,1
3214382,1
3214383,0
3214384,1
3214385,1
3214386,1
3214387,0
3214388,1
3214389,0
3214390,0
3214391,1
3214392,0
3214393,0
3214394,1
3214395,1
3214396,1
3214397,0
3214398,1
3214399,0
3214400,1
3214401,1
3214402,1
3214403,1
3214404,1
3214405,1
3214406,0
3214407,0
3214408,1
3214409,1
3214410,1
3214411,1
3214412,1
3214413,0
3214414,1
3214415,0
3214416,1
3214417,0
3214418,1
3214419,0
3214420,0
3214421,1
3214422,0
3214423,0
3214424,0
3214425,0
3214426,1
3214427,0
3214428,0
3214429,1
3214430,0
3214431,0
3214432,1
3214433,0
3214434,1
3214435,0
3214436,0
3214437,0
3214438,1
3214439,0
3214440,1
3214441,0
3214442,1
3214443,0
3214444,0
3214445,0
3214446,1
3214447,0
3214448,0
3214449,1
3214450,0
3214451,1
3214452,1
3214453,1
3214454,0
3214455,0
3214456,1
3214457,0
3214458,0
3214459,0
3214460,0
3214461,0
3214462,0
3214463,0
3214464,1
3214465,0
3214466,0
3214467,0
3214468,1
3214469,1
3214470,1
3214471,0
3214472,1
3214473,1
3214474,1
3214475,0
3214476,1
3214477,1
3214478,1
3214479,0
3214480,1
3214481,0
3214482,0
3214483,1
3214484,0
3214485,0
3214486,1
3214487,1
3214488,0
3214489,1
3214490,1
3214491,1
3214492,1
3214493,1
3214494,0
3214495,1
3214496,1
3214497,1
3214498,0
3214499,0
3214500,0
3214501,0
3214502,1
3214503,1
3214504,1
3214505,1
3214506,0
3214507,1
3214508,1
3214509,1
3214510,1
3214511,0
3214512,0
3214513,1
3214514,1
3214515,0
3214516,0
3214517,0
3214518,0
3214519,0
3214520,0
3214521,0
3214522,0
3214523,1
3214524,1
3214525,0
3214526,0
3214527,1
3214528,0
3214529,0
3214530,0
3214531,0
3214532,1
3214533,1
3214534,0
3214535,0
3214536,0
3214537,0
3214538,0
3214539,1
3214540,0
3214541,1
3214542,0
3214543,0
3214544,1
3214545,1
3214546,1
3214547,1
3214548,0
3214549,0
3214550,0
3214551,1
3214552,0
3214553,1
3214554,0
3214555,0
3214556,1
3214557,0
3214558,1
3214559,0
3214560,1
3214561,1
3214562,0
3214563,1
3214564,0
3214565,0
3214566,1
3214567,1
3214568,1
3214569,1
3214570,0
3214571,1
3214572,0
3214573,0
3214574,1
3214575,1
3214576,0
3214577,0
3214578,1
3214579,1
3214580,0
3214581,1
3214582,0
3214583,0
3214584,1
3214585,1
3214586,1
3214587,0
3214588,1
3214589,0
3214590,0
3214591,1
3214592,1
3214593,1
3214594,0
3214595,1
3214596,0
3214597,0
3214598,0
3214599,0
3214600,1
3214601,0
3214602,1
3214603,1
3214604,1
3214605,1
3214606,0
3214607,0
3214608,0
3214609,1
3214610,1
3214611,0
3214612,0
3214613,1
3214614,1
3214615,1
3214616,1
3214617,1
3214618,1
3214619,0
3214620,0
3214621,0
3214622,0
3214623,0
3214624,0
3214625,0
3214626,1
3214627,0
3214628,1
3214629,0
3214630,0
3214631,0
3214632,0
3214633,1
3214634,1
3214635,0
3214636,1
3214637,1
3214638,1
3214639,1
3214640,0
3214641,1
3214642,0
3214643,0
3214644,0
3214645,1
3214646,0
3214647,1
3214648,0
3214649,0
3214650,0
3214651,1
3214652,0
3214653,0
3214654,0
3214655,1
3214656,0
3214657,1
3214658,0
3214659,1
3214660,1
3214661,1
3214662,0
3214663,1
3214664,0
3214665,1
3214666,0
3214667,1
3214668,1
3214669,1
3214670,0
3214671,0
3214672,0
3214673,1
3214674,0
3214675,1
3214676,0
3214677,0
3214678,0
3214679,1
3214680,1
3214681,1
3214682,0
3214683,0
3214684,0
3214685,1
3214686,1
3214687,0
3214688,0
3214689,0
3214690,0
3214691,0
3214692,0
3214693,0
3214694,1
3214695,0
3214696,0
3214697,0
3214698,1
3214699,1
3214700,0
3214701,0
3214702,0
3214703,1
3214704,1
3214705,0
3214706,0
3214707,0
3214708,1
3214709,1
3214710,1
3214711,1
3214712,1
3214713,0
3214714,0
3214715,0
3214716,0
3214717,0
3214718,1
3214719,0
3214720,0
3214721,0
3214722,0
3214723,0
3214724,0
3214725,1
3214726,0
3214727,1
3214728,0
3214729,1
3214730,0
3214731,0
3214732,0
3214733,1
3214734,0
3214735,0
3214736,1
3214737,1
3214738,0
3214739,0
3214740,1
3214741,0
3214742,1
3214743,0
3214744,1
3214745,1
3214746,0
3214747,1
3214748,1
3214749,0
3214750,0
3214751,0
3214752,1
3214753,0
3214754,0
3214755,1
3214756,1
3214757,1
3214758,0
3214759,0
3214760,1
3214761,0
3214762,0
3214763,0
3214764,0
3214765,1
3214766,1
3214767,0
3214768,1
3214769,0
3214770,1
3214771,0
3214772,0
3214773,1
3214774,1
3214775,1
3214776,1
3214777,1
3214778,0
3214779,0
3214780,1
3214781,0
3214782,1
3214783,1
3214784,1
3214785,1
3214786,0
3214787,1
3214788,1
3214789,1
3214790,1
3214791,1
3214792,1
3214793,0
3214794,1
3214795,1
3214796,0
3214797,1
3214798,1
3214799,1
3214800,1
3214801,0
3214802,0
3214803,0
3214804,0
3214805,1
3214806,1
3214807,0
3214808,1
3214809,1
3214810,0
3214811,1
3214812,0
3214813,1
3214814,0
3214815,1
3214816,0
3214817,0
3214818,0
3214819,1
3214820,0
3214821,1
3214822,0
3214823,0
3214824,1
3214825,0
3214826,0
3214827,1
3214828,1
3214829,1
3214830,1
3214831,0
3214832,0
3214833,0
3214834,0
3214835,0
3214836,1
3214837,0
3214838,0
3214839,1
3214840,0
3214841,1
3214842,1
3214843,1
3214844,0
3214845,1
3214846,1
3214847,1
3214848,1
3214849,1
3214850,1
3214851,0
3214852,1
3214853,1
3214854,0
3214855,0
3214856,1
3214857,1
3214858,0
3214859,1
3214860,1
3214861,0
3214862,1
3214863,1
3214864,1
3214865,1
3214866,0
3214867,1
3214868,0
3214869,1
3214870,0
3214871,1
3214872,1
3214873,0
3214874,0
3214875,1
3214876,1
3214877,0
3214878,1
3214879,0
3214880,0
3214881,0
3214882,0
3214883,0
3214884,0
3214885,1
3214886,1
3214887,1
3214888,1
3214889,1
3214890,0
3214891,1
3214892,0
3214893,0
3214894,1
3214895,0
3214896,0
3214897,0
3214898,0
3214899,0
3214900,0
3214901,0
3214902,1
3214903,1
3214904,1
3214905,0
3214906,1
3214907,0
3214908,0
3214909,0
3214910,1
3214911,1
3214912,1
3214913,1
3214914,1
3214915,0
3214916,0
3214917,1
3214918,0
3214919,0
3214920,1
3214921,0
3214922,1
3214923,0
3214924,1
3214925,0
3214926,0
3214927,1
3214928,1
3214929,1
3214930,1
3214931,1
3214932,0
3214933,1
3214934,0
3214935,0
3214936,0
3214937,1
3214938,1
3214939,1
3214940,1
3214941,0
3214942,0
3214943,0
3214944,0
3214945,0
3214946,0
3214947,0
3214948,1
3214949,0
3214950,1
3214951,0
3214952,1
3214953,0
3214954,0
3214955,0
3214956,0
3214957,0
3214958,0
3214959,1
3214960,1
3214961,0
3214962,0
3214963,1
3214964,0
3214965,1
3214966,0
3214967,1
3214968,1
3214969,0
3214970,1
3214971,0
3214972,0
3214973,0
3214974,0
3214975,1
3214976,1
3214977,0
3214978,0
3214979,1
3214980,1
3214981,1
3214982,0
3214983,1
3214984,0
3214985,0
3214986,1
3214987,0
3214988,1
3214989,0
3214990,1
3214991,1
3214992,0
3214993,1
3214994,0
3214995,1
3214996,0
3214997,1
3214998,1
3214999,1
3215000,0
3215001,1
3215002,1
3215003,0
3215004,1
3215005,1
3215006,1
3215007,0
3215008,0
3215009,1
3215010,1
3215011,1
3215012,0
3215013,1
3215014,0
3215015,0
3215016,1
3215017,1
3215018,1
3215019,1
3215020,0
3215021,0
3215022,1
3215023,0
3215024,1
3215025,1
3215026,1
3215027,0
3215028,0
3215029,1
3215030,0
3215031,0
3215032,0
3215033,0
3215034,1
3215035,0
3215036,1
3215037,0
3215038,1
3215039,0
3215040,1
3215041,1
3215042,0
3215043,1
3215044,0
3215045,0
3215046,1
3215047,0
3215048,0
3215049,0
3215050,1
3215051,0
3215052,0
3215053,1
3215054,1
3215055,0
3215056,1
3215057,1
3215058,0
3215059,0
3215060,0
3215061,1
3215062,1
3215063,0
3215064,1
3215065,1
3215066,1
3215067,0
3215068,1
3215069,0
3215070,0
3215071,1
3215072,1
3215073,0
3215074,1
3215075,0
3215076,1
3215077,0
3215078,0
3215079,0
3215080,0
3215081,0
3215082,0
3215083,1
3215084,1
3215085,0
3215086,1
3215087,0
3215088,0
3215089,1
3215090,0
3215091,0
3215092,1
3215093,0
3215094,0
3215095,1
3215096,1
3215097,0
3215098,1
3215099,0
3215100,0
3215101,1
3215102,1
3215103,0
3215104,1
3215105,1
3215106,0
3215107,0
3215108,1
3215109,0
3215110,0
3215111,1
3215112,0
3215113,0
3215114,1
3215115,0
3215116,1
3215117,0
3215118,0
3215119,1
3215120,1
3215121,0
3215122,1
3215123,1
3215124,0
3215125,0
3215126,0
3215127,0
3215128,1
3215129,0
3215130,0
3215131,1
3215132,0
3215133,1
3215134,1
3215135,0
3215136,1
3215137,0
3215138,1
3215139,1
3215140,1
3215141,0
3215142,1
3215143,1
3215144,1
3215145,0
3215146,0
3215147,0
3215148,1
3215149,1
3215150,1
3215151,0
3215152,1
3215153,1
3215154,0
3215155,0
3215156,0
3215157,1
3215158,0
3215159,1
3215160,0
3215161,1
3215162,1
3215163,1
3215164,0
3215165,1
3215166,1
3215167,0
3215168,0
3215169,1
3215170,0
3215171,1
3215172,0
3215173,1
3215174,1
3215175,1
3215176,1
3215177,1
3215178,1
3215179,1
3215180,1
3215181,0
3215182,1
3215183,1
3215184,0
3215185,0
3215186,1
3215187,1
3215188,0
3215189,1
3215190,1
3215191,1
3215192,1
3215193,1
3215194,1
3215195,0
3215196,0
3215197,0
3215198,0
3215199,1
3215200,1
3215201,0
3215202,0
3215203,0
3215204,1
3215205,0
3215206,0
3215207,0
3215208,0
3215209,1
3215210,0
3215211,1
3215212,1
3215213,0
3215214,0
3215215,0
3215216,1
3215217,1
3215218,1
3215219,1
3215220,0
3215221,1
3215222,0
3215223,1
3215224,1
3215225,0
3215226,0
3215227,1
3215228,1
3215229,0
3215230,0
3215231,0
3215232,0
3215233,0
3215234,1
3215235,0
3215236,1
3215237,0
3215238,0
3215239,0
3215240,1
3215241,1
3215242,0
3215243,0
3215244,1
3215245,0
3215246,0
3215247,1
3215248,0
3215249,1
3215250,0
3215251,1
3215252,1
3215253,0
3215254,0
3215255,0
3215256,1
3215257,1
3215258,0
3215259,0
3215260,0
3215261,0
3215262,0
3215263,0
3215264,0
3215265,0
3215266,1
3215267,0
3215268,0
3215269,0
3215270,0
3215271,1
3215272,1
3215273,1
3215274,0
3215275,1
3215276,1
3215277,0
3215278,0
3215279,0
3215280,0
3215281,0
3215282,1
3215283,1
3215284,0
3215285,0
3215286,0
3215287,1
3215288,0
3215289,1
3215290,1
3215291,1
3215292,1
3215293,1
3215294,1
3215295,0
3215296,0
3215297,0
3215298,0
3215299,0
3215300,1
3215301,1
3215302,1
3215303,0
3215304,0
3215305,1
3215306,0
3215307,1
3215308,0
3215309,0
3215310,0
3215311,0
3215312,1
3215313,0
3215314,1
3215315,1
3215316,0
3215317,1
3215318,1
3215319,1
3215320,1
3215321,1
3215322,1
3215323,0
3215324,1
3215325,0
3215326,1
3215327,0
3215328,1
3215329,1
3215330,1
3215331,1
3215332,0
3215333,0
3215334,1
3215335,0
3215336,0
3215337,0
3215338,0
3215339,1
3215340,1
3215341,0
3215342,0
3215343,0
3215344,0
3215345,0
3215346,0
3215347,1
3215348,0
3215349,0
3215350,1
3215351,1
3215352,1
3215353,1
3215354,1
3215355,0
3215356,0
3215357,0
3215358,0
3215359,1
3215360,0
3215361,1
3215362,0
3215363,0
3215364,0
3215365,0
3215366,1
3215367,0
3215368,1
3215369,1
3215370,0
3215371,0
3215372,0
3215373,1
3215374,0
3215375,0
3215376,0
3215377,1
3215378,0
3215379,1
3215380,0
3215381,0
3215382,0
3215383,0
3215384,1
3215385,1
3215386,1
3215387,0
3215388,1
3215389,1
3215390,1
3215391,1
3215392,1
3215393,1
3215394,1
3215395,1
3215396,0
3215397,1
3215398,0
3215399,0
3215400,1
3215401,0
3215402,0
3215403,1
3215404,0
3215405,0
3215406,1
3215407,0
3215408,1
3215409,0
3215410,1
3215411,0
3215412,0
3215413,1
3215414,1
3215415,0
3215416,0
3215417,0
3215418,1
3215419,0
3215420,1
3215421,1
3215422,1
3215423,1
3215424,1
3215425,1
3215426,0
3215427,1
3215428,0
3215429,0
3215430,1
3215431,1
3215432,0
3215433,1
3215434,0
3215435,1
3215436,1
3215437,1
3215438,0
3215439,1
3215440,0
3215441,0
3215442,0
3215443,0
3215444,1
3215445,1
3215446,1
3215447,0
3215448,0
3215449,0
3215450,1
3215451,0
3215452,0
3215453,1
3215454,1
3215455,1
3215456,0
3215457,1
3215458,1
3215459,1
3215460,1
3215461,1
3215462,1
3215463,0
3215464,1
3215465,1
3215466,0
3215467,0
3215468,1
3215469,0
3215470,0
3215471,1
3215472,1
3215473,0
3215474,1
3215475,0
3215476,0
3215477,0
3215478,0
3215479,1
3215480,0
3215481,1
3215482,0
3215483,1
3215484,0
3215485,1
3215486,1
3215487,0
3215488,0
3215489,0
3215490,1
3215491,0
3215492,0
3215493,0
3215494,0
3215495,0
3215496,0
3215497,1
3215498,1
3215499,0
3215500,0
3215501,0
3215502,0
3215503,0
3215504,0
3215505,1
3215506,0
3215507,1
3215508,0
3215509,1
3215510,0
3215511,0
3215512,1
3215513,1
3215514,0
3215515,1
3215516,1
3215517,1
3215518,1
3215519,0
3215520,0
3215521,0
3215522,1
3215523,0
3215524,1
3215525,1
3215526,0
3215527,1
3215528,0
3215529,1
3215530,1
3215531,0
3215532,0
3215533,1
3215534,1
3215535,1
3215536,1
3215537,0
3215538,1
3215539,1
3215540,1
3215541,1
3215542,0
3215543,0
3215544,1
3215545,1
3215546,0
3215547,0
3215548,0
3215549,0
3215550,1
3215551,0
3215552,1
3215553,0
3215554,0
3215555,1
3215556,0
3215557,1
3215558,0
3215559,0
3215560,0
3215561,1
3215562,1
3215563,1
3215564,0
3215565,0
3215566,0
3215567,1
3215568,0
3215569,0
3215570,0
3215571,0
3215572,1
3215573,0
3215574,1
3215575,1
3215576,0
3215577,0
3215578,1
3215579,1
3215580,1
3215581,0
3215582,0
3215583,0
3215584,0
3215585,1
3215586,0
3215587,1
3215588,1
3215589,0
3215590,0
3215591,1
3215592,0
3215593,1
3215594,1
3215595,0
3215596,1
3215597,0
3215598,1
3215599,0
3215600,1
3215601,1
3215602,0
3215603,0
3215604,0
3215605,1
3215606,1
3215607,1
3215608,0
3215609,0
3215610,1
3215611,0
3215612,0
3215613,1
3215614,1
3215615,0
3215616,0
3215617,0
3215618,1
3215619,0
3215620,0
3215621,0
3215622,1
3215623,1
3215624,0
3215625,0
3215626,0
3215627,0
3215628,1
3215629,1
3215630,1
3215631,0
3215632,0
3215633,0
3215634,1
3215635,0
3215636,0
3215637,0
3215638,0
3215639,1
3215640,1
3215641,1
3215642,0
3215643,1
3215644,0
3215645,1
3215646,0
3215647,1
3215648,0
3215649,0
3215650,0
3215651,1
3215652,0
3215653,1
3215654,0
3215655,1
3215656,1
3215657,0
3215658,0
3215659,1
3215660,0
3215661,0
3215662,0
3215663,1
3215664,0
3215665,0
3215666,0
3215667,0
3215668,0
3215669,1
3215670,1
3215671,1
3215672,0
3215673,0
3215674,1
3215675,0
3215676,0
3215677,0
3215678,1
3215679,1
3215680,0
3215681,1
3215682,1
3215683,0
3215684,0
3215685,0
3215686,1
3215687,1
3215688,1
3215689,1
3215690,0
3215691,0
3215692,1
3215693,0
3215694,1
3215695,1
3215696,1
3215697,1
3215698,0
3215699,0
3215700,0
3215701,0
3215702,0
3215703,0
3215704,1
3215705,1
3215706,1
3215707,0
3215708,1
3215709,1
3215710,1
3215711,0
3215712,0
3215713,0
3215714,0
3215715,1
3215716,1
3215717,1
3215718,1
3215719,1
3215720,0
3215721,1
3215722,1
3215723,1
3215724,0
3215725,1
3215726,0
3215727,0
3215728,0
3215729,0
3215730,0
3215731,1
3215732,0
3215733,1
3215734,1
3215735,0
3215736,0
3215737,1
3215738,0
3215739,0
3215740,0
3215741,0
3215742,1
3215743,1
3215744,0
3215745,0
3215746,0
3215747,1
3215748,0
3215749,1
3215750,0
3215751,1
3215752,0
3215753,0
3215754,1
3215755,0
3215756,0
3215757,1
3215758,1
3215759,1
3215760,0
3215761,0
3215762,0
3215763,1
3215764,1
3215765,0
3215766,0
3215767,0
3215768,1
3215769,1
3215770,1
3215771,1
3215772,1
3215773,0
3215774,1
3215775,0
3215776,0
3215777,0
3215778,0
3215779,1
3215780,1
3215781,1
3215782,1
3215783,1
3215784,0
3215785,0
3215786,1
3215787,0
3215788,1
3215789,1
3215790,0
3215791,0
3215792,0
3215793,0
3215794,0
3215795,1
3215796,1
3215797,0
3215798,1
3215799,1
3215800,0
3215801,1
3215802,0
3215803,1
3215804,0
3215805,0
3215806,0
3215807,0
3215808,1
3215809,0
3215810,0
3215811,0
3215812,0
3215813,1
3215814,1
3215815,0
3215816,0
3215817,0
3215818,0
3215819,0
3215820,1
3215821,0
3215822,0
3215823,1
3215824,0
3215825,0
3215826,1
3215827,1
3215828,0
3215829,0
3215830,0
3215831,0
3215832,1
3215833,0
3215834,1
3215835,1
3215836,1
3215837,0
3215838,0
3215839,0
3215840,0
3215841,0
3215842,0
3215843,0
3215844,0
3215845,0
3215846,0
3215847,0
3215848,1
3215849,1
3215850,0
3215851,0
3215852,1
3215853,1
3215854,1
3215855,1
3215856,0
3215857,1
3215858,1
3215859,0
3215860,1
3215861,0
3215862,1
3215863,1
3215864,0
3215865,1
3215866,1
3215867,0
3215868,0
3215869,0
3215870,0
3215871,1
3215872,1
3215873,0
3215874,0
3215875,1
3215876,1
3215877,1
3215878,0
3215879,1
3215880,1
3215881,0
3215882,1
3215883,1
3215884,0
3215885,1
3215886,0
3215887,1
3215888,1
3215889,0
3215890,1
3215891,0
3215892,0
3215893,0
3215894,1
3215895,0
3215896,0
3215897,1
3215898,0
3215899,0
3215900,1
3215901,0
3215902,1
3215903,0
3215904,1
3215905,0
3215906,0
3215907,1
3215908,0
3215909,1
3215910,1
3215911,0
3215912,1
3215913,0
3215914,1
3215915,0
3215916,0
3215917,0
3215918,0
3215919,0
3215920,1
3215921,1
3215922,0
3215923,0
3215924,1
3215925,1
3215926,1
3215927,0
3215928,0
3215929,1
3215930,0
3215931,0
3215932,0
3215933,0
3215934,0
3215935,1
3215936,0
3215937,1
3215938,1
3215939,0
3215940,1
3215941,0
3215942,0
3215943,1
3215944,1
3215945,0
3215946,1
3215947,0
3215948,0
3215949,0
3215950,1
3215951,0
3215952,0
3215953,0
3215954,1
3215955,0
3215956,1
3215957,1
3215958,0
3215959,1
3215960,1
3215961,1
3215962,0
3215963,1
3215964,0
3215965,1
3215966,0
3215967,0
3215968,0
3215969,0
3215970,1
3215971,1
3215972,0
3215973,0
3215974,1
3215975,0
3215976,0
3215977,1
3215978,0
3215979,0
3215980,0
3215981,0
3215982,0
3215983,0
3215984,0
3215985,1
3215986,0
3215987,0
3215988,0
3215989,1
3215990,1
3215991,0
3215992,1
3215993,1
3215994,0
3215995,1
3215996,0
3215997,1
3215998,1
3215999,0
3216000,1
3216001,0
3216002,1
3216003,0
3216004,1
3216005,1
3216006,1
3216007,1
3216008,0
3216009,1
3216010,0
3216011,1
3216012,0
3216013,0
3216014,0
3216015,1
3216016,1
3216017,1
3216018,0
3216019,0
3216020,1
3216021,1
3216022,0
3216023,0
3216024,1
3216025,0
3216026,0
3216027,0
3216028,0
3216029,1
3216030,1
3216031,0
3216032,1
3216033,0
3216034,0
3216035,0
3216036,1
3216037,1
3216038,1
3216039,1
3216040,0
3216041,1
3216042,1
3216043,0
3216044,1
3216045,1
3216046,1
3216047,0
3216048,0
3216049,0
3216050,1
3216051,1
3216052,0
3216053,0
3216054,1
3216055,0
3216056,0
3216057,1
3216058,1
3216059,0
3216060,0
3216061,0
3216062,0
3216063,0
3216064,0
3216065,0
3216066,0
3216067,1
3216068,0
3216069,0
3216070,1
3216071,1
3216072,0
3216073,0
3216074,0
3216075,1
3216076,1
3216077,0
3216078,1
3216079,0
3216080,0
3216081,0
3216082,0
3216083,0
3216084,0
3216085,0
3216086,1
3216087,0
3216088,1
3216089,1
3216090,1
3216091,1
3216092,1
3216093,1
3216094,0
3216095,1
3216096,1
3216097,1
3216098,1
3216099,1
3216100,0
3216101,0
3216102,1
3216103,0
3216104,1
3216105,1
3216106,1
3216107,1
3216108,0
3216109,0
3216110,0
3216111,1
3216112,1
3216113,0
3216114,1
3216115,1
3216116,0
3216117,1
3216118,1
3216119,1
3216120,1
3216121,0
3216122,1
3216123,1
3216124,1
3216125,1
3216126,0
3216127,0
3216128,0
3216129,1
3216130,0
3216131,0
3216132,0
3216133,1
3216134,1
3216135,0
3216136,0
3216137,0
3216138,1
3216139,0
3216140,1
3216141,0
3216142,0
3216143,1
3216144,1
3216145,1
3216146,0
3216147,0
3216148,0
3216149,1
3216150,1
3216151,0
3216152,0
3216153,0
3216154,1
3216155,1
3216156,1
3216157,0
3216158,0
3216159,0
3216160,0
3216161,1
3216162,1
3216163,0
3216164,0
3216165,0
3216166,0
3216167,0
3216168,1
3216169,0
3216170,0
3216171,1
3216172,0
3216173,1
3216174,1
3216175,0
3216176,0
3216177,1
3216178,0
3216179,0
3216180,0
3216181,1
3216182,1
3216183,0
3216184,0
3216185,0
3216186,1
3216187,1
3216188,1
3216189,1
3216190,0
3216191,1
3216192,0
3216193,0
3216194,0
3216195,0
3216196,1
3216197,1
3216198,0
3216199,1
3216200,0
3216201,1
3216202,0
3216203,0
3216204,1
3216205,1
3216206,1
3216207,0
3216208,1
3216209,0
3216210,1
3216211,0
3216212,0
3216213,0
3216214,0
3216215,0
3216216,0
3216217,0
3216218,1
3216219,1
3216220,1
3216221,0
3216222,0
3216223,0
3216224,1
3216225,1
3216226,0
3216227,0
3216228,1
3216229,1
3216230,0
3216231,0
3216232,0
3216233,0
3216234,0
3216235,0
3216236,1
3216237,1
3216238,0
3216239,0
3216240,1
3216241,0
3216242,0
3216243,1
3216244,0
3216245,0
3216246,1
3216247,0
3216248,1
3216249,1
3216250,0
3216251,0
3216252,1
3216253,1
3216254,1
3216255,1
3216256,1
3216257,1
3216258,0
3216259,0
3216260,0
3216261,0
3216262,1
3216263,1
3216264,1
3216265,1
3216266,1
3216267,1
3216268,1
3216269,1
3216270,1
3216271,1
3216272,0
3216273,0
3216274,0
3216275,1
3216276,1
3216277,0
3216278,0
3216279,1
3216280,0
3216281,0
3216282,0
3216283,1
3216284,1
3216285,1
3216286,1
3216287,1
3216288,0
3216289,0
3216290,1
3216291,0
3216292,0
3216293,1
3216294,0
3216295,1
3216296,0
3216297,0
3216298,1
3216299,1
3216300,0
3216301,0
3216302,1
3216303,0
3216304,0
3216305,1
3216306,1
3216307,1
3216308,1
3216309,0
3216310,1
3216311,1
3216312,1
3216313,0
3216314,0
3216315,0
3216316,0
3216317,1
3216318,1
3216319,0
3216320,1
3216321,1
3216322,0
3216323,0
3216324,0
3216325,0
3216326,0
3216327,0
3216328,1
3216329,1
3216330,0
3216331,0
3216332,1
3216333,1
3216334,1
3216335,0
3216336,1
3216337,0
3216338,0
3216339,0
3216340,1
3216341,0
3216342,1
3216343,0
3216344,0
3216345,1
3216346,0
3216347,0
3216348,1
3216349,1
3216350,1
3216351,0
3216352,0
3216353,1
3216354,1
3216355,0
3216356,1
3216357,0
3216358,0
3216359,0
3216360,0
3216361,1
3216362,0
3216363,1
3216364,0
3216365,0
3216366,1
3216367,0
3216368,1
3216369,1
3216370,0
3216371,1
3216372,0
3216373,0
3216374,0
3216375,1
3216376,1
3216377,0
3216378,0
3216379,0
3216380,1
3216381,1
3216382,1
3216383,1
3216384,0
3216385,0
3216386,0
3216387,1
3216388,1
3216389,0
3216390,1
3216391,1
3216392,1
3216393,0
3216394,0
3216395,0
3216396,0
3216397,1
3216398,1
3216399,1
3216400,1
3216401,1
3216402,0
3216403,1
3216404,0
3216405,0
3216406,1
3216407,0
3216408,0
3216409,1
3216410,1
3216411,1
3216412,1
3216413,1
3216414,1
3216415,1
3216416,1
3216417,0
3216418,0
3216419,1
3216420,1
3216421,1
3216422,1
3216423,1
3216424,0
3216425,0
3216426,0
3216427,0
3216428,0
3216429,0
3216430,0
3216431,1
3216432,0
3216433,1
3216434,1
3216435,1
3216436,1
3216437,0
3216438,1
3216439,0
3216440,1
3216441,0
3216442,0
3216443,0
3216444,1
3216445,1
3216446,1
3216447,1
3216448,1
3216449,1
3216450,1
3216451,1
3216452,1
3216453,1
3216454,1
3216455,0
3216456,1
3216457,1
3216458,0
3216459,0
3216460,1
3216461,1
3216462,0
3216463,1
3216464,1
3216465,0
3216466,0
3216467,1
3216468,0
3216469,1
3216470,0
3216471,1
3216472,1
3216473,0
3216474,1
3216475,0
3216476,1
3216477,1
3216478,0
3216479,1
3216480,1
3216481,1
3216482,1
3216483,1
3216484,0
3216485,1
3216486,1
3216487,1
3216488,0
3216489,0
3216490,0
3216491,0
3216492,0
3216493,1
3216494,0
3216495,1
3216496,1
3216497,1
3216498,1
3216499,1
3216500,0
3216501,0
3216502,0
3216503,0
3216504,0
3216505,0
3216506,1
3216507,1
3216508,1
3216509,0
3216510,0
3216511,0
3216512,0
3216513,1
3216514,1
3216515,0
3216516,1
3216517,0
3216518,1
3216519,0
3216520,0
3216521,0
3216522,1
3216523,1
3216524,1
3216525,1
3216526,1
3216527,1
3216528,0
3216529,1
3216530,1
3216531,0
3216532,0
3216533,0
3216534,1
3216535,1
3216536,1
3216537,1
3216538,1
3216539,0
3216540,0
3216541,1
3216542,0
3216543,0
3216544,1
3216545,0
3216546,0
3216547,1
3216548,1
3216549,0
3216550,1
3216551,0
3216552,1
3216553,1
3216554,0
3216555,1
3216556,0
3216557,1
3216558,0
3216559,1
3216560,0
3216561,0
3216562,1
3216563,0
3216564,0
3216565,1
3216566,1
3216567,0
3216568,1
3216569,0
3216570,0
3216571,1
3216572,1
3216573,1
3216574,1
3216575,0
3216576,0
3216577,0
3216578,0
3216579,0
3216580,0
3216581,1
3216582,0
3216583,1
3216584,1
3216585,1
3216586,1
3216587,0
3216588,1
3216589,1
3216590,1
3216591,1
3216592,1
3216593,1
3216594,0
3216595,0
3216596,1
3216597,0
3216598,1
3216599,0
3216600,1
3216601,1
3216602,0
3216603,0
3216604,1
3216605,0
3216606,0
3216607,0
3216608,0
3216609,1
3216610,1
3216611,0
3216612,1
3216613,0
3216614,1
3216615,0
3216616,1
3216617,1
3216618,1
3216619,0
3216620,1
3216621,1
3216622,0
3216623,0
3216624,1
3216625,0
3216626,1
3216627,1
3216628,1
3216629,0
3216630,0
3216631,1
3216632,0
3216633,0
3216634,1
3216635,0
3216636,1
3216637,0
3216638,0
3216639,0
3216640,1
3216641,0
3216642,1
3216643,1
3216644,1
3216645,0
3216646,1
3216647,0
3216648,0
3216649,1
3216650,1
3216651,1
3216652,0
3216653,0
3216654,0
3216655,0
3216656,0
3216657,1
3216658,0
3216659,1
3216660,1
3216661,1
3216662,0
3216663,0
3216664,1
3216665,0
3216666,1
3216667,1
3216668,0
3216669,1
3216670,1
3216671,0
3216672,0
3216673,1
3216674,1
3216675,0
3216676,0
3216677,0
3216678,1
3216679,0
3216680,1
3216681,1
3216682,1
3216683,1
3216684,1
3216685,0
3216686,1
3216687,1
3216688,1
3216689,0
3216690,0
3216691,0
3216692,0
3216693,1
3216694,1
3216695,1
3216696,1
3216697,0
3216698,0
3216699,0
3216700,0
3216701,0
3216702,0
3216703,0
3216704,1
3216705,1
3216706,0
3216707,1
3216708,0
3216709,1
3216710,0
3216711,1
3216712,1
3216713,0
3216714,0
3216715,0
3216716,1
3216717,0
3216718,1
3216719,1
3216720,0
3216721,0
3216722,0
3216723,0
3216724,0
3216725,1
3216726,0
3216727,0
3216728,0
3216729,0
3216730,0
3216731,1
3216732,0
3216733,0
3216734,0
3216735,1
3216736,1
3216737,1
3216738,0
3216739,0
3216740,1
3216741,1
3216742,1
3216743,0
3216744,0
3216745,1
3216746,1
3216747,1
3216748,1
3216749,1
3216750,1
3216751,1
3216752,1
3216753,0
3216754,1
3216755,0
3216756,1
3216757,1
3216758,1
3216759,0
3216760,1
3216761,0
3216762,0
3216763,0
3216764,0
3216765,0
3216766,1
3216767,0
3216768,1
3216769,0
3216770,0
3216771,0
3216772,1
3216773,0
3216774,1
3216775,1
3216776,0
3216777,1
3216778,1
3216779,1
3216780,0
3216781,1
3216782,1
3216783,0
3216784,1
3216785,0
3216786,0
3216787,1
3216788,1
3216789,1
3216790,1
3216791,0
3216792,0
3216793,1
3216794,1
3216795,0
3216796,0
3216797,1
3216798,0
3216799,1
3216800,0
3216801,0
3216802,0
3216803,1
3216804,0
3216805,0
3216806,1
3216807,0
3216808,0
3216809,1
3216810,0
3216811,1
3216812,0
3216813,1
3216814,1
3216815,0
3216816,1
3216817,1
3216818,1
3216819,1
3216820,0
3216821,0
3216822,1
3216823,1
3216824,0
3216825,0
3216826,0
3216827,1
3216828,0
3216829,1
3216830,1
3216831,1
3216832,0
3216833,1
3216834,0
3216835,1
3216836,0
3216837,0
3216838,1
3216839,0
3216840,1
3216841,0
3216842,0
3216843,1
3216844,0
3216845,1
3216846,1
3216847,1
3216848,1
3216849,1
3216850,1
3216851,0
3216852,0
3216853,1
3216854,1
3216855,0
3216856,1
3216857,1
3216858,1
3216859,1
3216860,1
3216861,0
3216862,0
3216863,1
3216864,0
3216865,0
3216866,1
3216867,1
3216868,1
3216869,1
3216870,1
3216871,1
3216872,0
3216873,1
3216874,1
3216875,1
3216876,1
3216877,0
3216878,0
3216879,1
3216880,1
3216881,0
3216882,0
3216883,1
3216884,1
3216885,0
3216886,0
3216887,0
3216888,1
3216889,1
3216890,0
3216891,1
3216892,1
3216893,1
3216894,1
3216895,1
3216896,1
3216897,1
3216898,1
3216899,0
3216900,0
3216901,1
3216902,1
3216903,1
3216904,1
3216905,1
3216906,1
3216907,0
3216908,1
3216909,1
3216910,1
3216911,1
3216912,1
3216913,1
3216914,0
3216915,1
3216916,0
3216917,0
3216918,1
3216919,1
3216920,1
3216921,0
3216922,1
3216923,0
3216924,1
3216925,0
3216926,0
3216927,1
3216928,0
3216929,0
3216930,1
3216931,1
3216932,1
3216933,1
3216934,1
3216935,1
3216936,1
3216937,1
3216938,0
3216939,0
3216940,0
3216941,0
3216942,1
3216943,1
3216944,0
3216945,1
3216946,1
3216947,1
3216948,0
3216949,0
3216950,0
3216951,0
3216952,1
3216953,1
3216954,1
3216955,1
3216956,0
3216957,0
3216958,1
3216959,0
3216960,0
3216961,0
3216962,1
3216963,1
3216964,0
3216965,1
3216966,0
3216967,0
3216968,1
3216969,0
3216970,1
3216971,0
3216972,0
3216973,1
3216974,1
3216975,1
3216976,1
3216977,0
3216978,1
3216979,0
3216980,1
3216981,0
3216982,0
3216983,1
3216984,0
3216985,0
3216986,1
3216987,1
3216988,0
3216989,0
3216990,1
3216991,1
3216992,1
3216993,1
3216994,0
3216995,1
3216996,0
3216997,0
3216998,0
3216999,0
3217000,0
3217001,1
3217002,1
3217003,1
3217004,1
3217005,0
3217006,1
3217007,0
3217008,0
3217009,1
3217010,1
3217011,1
3217012,0
3217013,1
3217014,1
3217015,1
3217016,1
3217017,0
3217018,0
3217019,1
3217020,1
3217021,1
3217022,1
3217023,0
3217024,0
3217025,0
3217026,0
3217027,1
3217028,1
3217029,1
3217030,1
3217031,1
3217032,1
3217033,0
3217034,0
3217035,1
3217036,0
3217037,1
3217038,1
3217039,0
3217040,0
3217041,0
3217042,0
3217043,0
3217044,0
3217045,0
3217046,1
3217047,1
3217048,1
3217049,0
3217050,1
3217051,0
3217052,1
3217053,0
3217054,1
3217055,0
3217056,0
3217057,0
3217058,0
3217059,1
3217060,0
3217061,0
3217062,0
3217063,0
3217064,1
3217065,1
3217066,0
3217067,1
3217068,0
3217069,0
3217070,1
3217071,0
3217072,1
3217073,1
3217074,1
3217075,1
3217076,1
3217077,0
3217078,0
3217079,0
3217080,1
3217081,0
3217082,1
3217083,0
3217084,0
3217085,0
3217086,0
3217087,1
3217088,1
3217089,1
3217090,1
3217091,1
3217092,1
3217093,1
3217094,1
3217095,1
3217096,1
3217097,1
3217098,0
3217099,0
3217100,1
3217101,1
3217102,1
3217103,1
3217104,0
3217105,0
3217106,0
3217107,1
3217108,1
3217109,1
3217110,1
3217111,0
3217112,0
3217113,0
3217114,1
3217115,1
3217116,1
3217117,1
3217118,1
3217119,1
3217120,1
3217121,0
3217122,0
3217123,0
3217124,1
3217125,1
3217126,1
3217127,1
3217128,0
3217129,0
3217130,0
3217131,1
3217132,1
3217133,1
3217134,1
3217135,1
3217136,0
3217137,0
3217138,1
3217139,0
3217140,0
3217141,1
3217142,1
3217143,1
3217144,1
3217145,0
3217146,1
3217147,0
3217148,0
3217149,0
3217150,0
3217151,1
3217152,0
3217153,1
3217154,0
3217155,0
3217156,0
3217157,1
3217158,0
3217159,0
3217160,0
3217161,0
3217162,0
3217163,1
3217164,1
3217165,1
3217166,1
3217167,0
3217168,1
3217169,1
3217170,0
3217171,0
3217172,0
3217173,0
3217174,0
3217175,0
3217176,1
3217177,0
3217178,0
3217179,1
3217180,1
3217181,1
3217182,0
3217183,0
3217184,1
3217185,0
3217186,1
3217187,0
3217188,1
3217189,1
3217190,1
3217191,0
3217192,0
3217193,0
3217194,0
3217195,0
3217196,0
3217197,1
3217198,1
3217199,0
3217200,0
3217201,1
3217202,0
3217203,1
3217204,1
3217205,1
3217206,1
3217207,0
3217208,1
3217209,0
3217210,1
3217211,0
3217212,1
3217213,1
3217214,1
3217215,0
3217216,0
3217217,1
3217218,0
3217219,1
3217220,1
3217221,0
3217222,1
3217223,0
3217224,1
3217225,0
3217226,0
3217227,1
3217228,1
3217229,1
3217230,1
3217231,1
3217232,0
3217233,0
3217234,0
3217235,1
3217236,1
3217237,0
3217238,0
3217239,1
3217240,0
3217241,1
3217242,0
3217243,1
3217244,1
3217245,1
3217246,0
3217247,0
3217248,0
3217249,0
3217250,0
3217251,1
3217252,1
3217253,1
3217254,0
3217255,1
3217256,1
3217257,1
3217258,1
3217259,1
3217260,0
3217261,1
3217262,1
3217263,0
3217264,0
3217265,0
3217266,1
3217267,1
3217268,0
3217269,1
3217270,1
3217271,1
3217272,1
3217273,1
3217274,1
3217275,1
3217276,0
3217277,1
3217278,0
3217279,0
3217280,1
3217281,1
3217282,1
3217283,1
3217284,0
3217285,0
3217286,0
3217287,1
3217288,1
3217289,0
3217290,0
3217291,1
3217292,1
3217293,0
3217294,1
3217295,1
3217296,1
3217297,1
3217298,0
3217299,0
3217300,1
3217301,0
3217302,0
3217303,0
3217304,0
3217305,0
3217306,0
3217307,1
3217308,0
3217309,1
3217310,0
3217311,1
3217312,1
3217313,0
3217314,1
3217315,0
3217316,0
3217317,0
3217318,0
3217319,1
3217320,0
3217321,1
3217322,0
3217323,1
3217324,0
3217325,1
3217326,0
3217327,1
3217328,0
3217329,1
3217330,1
3217331,1
3217332,0
3217333,0
3217334,0
3217335,0
3217336,0
3217337,0
3217338,1
3217339,1
3217340,0
3217341,1
3217342,0
3217343,1
3217344,0
3217345,1
3217346,1
3217347,1
3217348,1
3217349,0
3217350,1
3217351,0
3217352,0
3217353,1
3217354,0
3217355,1
3217356,0
3217357,1
3217358,0
3217359,0
3217360,1
3217361,0
3217362,1
3217363,0
3217364,0
3217365,1
3217366,1
3217367,0
3217368,0
3217369,0
3217370,1
3217371,0
3217372,0
3217373,0
3217374,0
3217375,0
3217376,0
3217377,0
3217378,0
3217379,0
3217380,0
3217381,1
3217382,1
3217383,1
3217384,1
3217385,0
3217386,1
3217387,0
3217388,1
3217389,1
3217390,1
3217391,1
3217392,1
3217393,0
3217394,0
3217395,0
3217396,1
3217397,1
3217398,0
3217399,0
3217400,0
3217401,0
3217402,1
3217403,1
3217404,1
3217405,1
3217406,0
3217407,1
3217408,1
3217409,0
3217410,1
3217411,1
3217412,0
3217413,1
3217414,1
3217415,1
3217416,0
3217417,1
3217418,1
3217419,1
3217420,0
3217421,1
3217422,0
3217423,1
3217424,1
3217425,1
3217426,1
3217427,1
3217428,1
3217429,0
3217430,0
3217431,0
3217432,0
3217433,0
3217434,1
3217435,1
3217436,1
3217437,0
3217438,0
3217439,1
3217440,0
3217441,0
3217442,0
3217443,0
3217444,0
3217445,0
3217446,1
3217447,0
3217448,1
3217449,0
3217450,0
3217451,1
3217452,0
3217453,1
3217454,1
3217455,0
3217456,0
3217457,1
3217458,0
3217459,1
3217460,1
3217461,1
3217462,0
3217463,0
3217464,1
3217465,0
3217466,1
3217467,1
3217468,1
3217469,0
3217470,1
3217471,1
3217472,0
3217473,0
3217474,0
3217475,1
3217476,0
3217477,0
3217478,1
3217479,0
3217480,0
3217481,1
3217482,0
3217483,0
3217484,0
3217485,1
3217486,0
3217487,1
3217488,1
3217489,1
3217490,0
3217491,0
3217492,0
3217493,1
3217494,1
3217495,1
3217496,1
3217497,1
3217498,1
3217499,0
3217500,0
3217501,0
3217502,0
3217503,1
3217504,1
3217505,0
3217506,0
3217507,0
3217508,0
3217509,1
3217510,1
3217511,0
3217512,1
3217513,0
3217514,1
3217515,0
3217516,1
3217517,1
3217518,0
3217519,0
3217520,0
3217521,0
3217522,1
3217523,0
3217524,0
3217525,0
3217526,0
3217527,1
3217528,0
3217529,0
3217530,1
3217531,0
3217532,0
3217533,0
3217534,1
3217535,0
3217536,1
3217537,0
3217538,1
3217539,0
3217540,0
3217541,0
3217542,0
3217543,0
3217544,1
3217545,1
3217546,0
3217547,1
3217548,0
3217549,1
3217550,0
3217551,0
3217552,1
3217553,1
3217554,0
3217555,0
3217556,1
3217557,0
3217558,1
3217559,0
3217560,1
3217561,1
3217562,0
3217563,1
3217564,0
3217565,1
3217566,1
3217567,0
3217568,1
3217569,1
3217570,1
3217571,0
3217572,0
3217573,1
3217574,0
3217575,0
3217576,1
3217577,1
3217578,1
3217579,1
3217580,0
3217581,1
3217582,1
3217583,0
3217584,0
3217585,0
3217586,1
3217587,1
3217588,1
3217589,1
3217590,1
3217591,0
3217592,0
3217593,0
3217594,0
3217595,1
3217596,1
3217597,1
3217598,1
3217599,0
3217600,0
3217601,0
3217602,1
3217603,0
3217604,0
3217605,1
3217606,0
3217607,1
3217608,0
3217609,1
3217610,0
3217611,0
3217612,1
3217613,1
3217614,1
3217615,0
3217616,1
3217617,0
3217618,0
3217619,1
3217620,0
3217621,1
3217622,0
3217623,0
3217624,1
3217625,0
3217626,1
3217627,1
3217628,0
3217629,1
3217630,1
3217631,1
3217632,1
3217633,0
3217634,1
3217635,1
3217636,0
3217637,1
3217638,0
3217639,0
3217640,0
3217641,1
3217642,0
3217643,0
3217644,1
3217645,1
3217646,1
3217647,0
3217648,0
3217649,1
3217650,1
3217651,0
3217652,1
3217653,0
3217654,1
3217655,1
3217656,1
3217657,0
3217658,0
3217659,0
3217660,0
3217661,1
3217662,0
3217663,0
3217664,1
3217665,1
3217666,0
3217667,0
3217668,0
3217669,1
3217670,0
3217671,1
3217672,1
3217673,1
3217674,1
3217675,0
3217676,0
3217677,1
3217678,1
3217679,1
3217680,0
3217681,1
3217682,1
3217683,1
3217684,0
3217685,0
3217686,1
3217687,1
3217688,0
3217689,1
3217690,0
3217691,1
3217692,1
3217693,0
3217694,1
3217695,1
3217696,0
3217697,0
3217698,1
3217699,1
3217700,0
3217701,0
3217702,1
3217703,0
3217704,1
3217705,1
3217706,1
3217707,1
3217708,0
3217709,0
3217710,1
3217711,0
3217712,0
3217713,0
3217714,0
3217715,1
3217716,1
3217717,1
3217718,0
3217719,1
3217720,1
3217721,0
3217722,0
3217723,0
3217724,0
3217725,1
3217726,0
3217727,1
3217728,0
3217729,1
3217730,1
3217731,0
3217732,1
3217733,0
3217734,1
3217735,0
3217736,0
3217737,0
3217738,0
3217739,1
3217740,1
3217741,1
3217742,1
3217743,0
3217744,1
3217745,0
3217746,0
3217747,1
3217748,0
3217749,1
3217750,1
3217751,1
3217752,1
3217753,1
3217754,1
3217755,1
3217756,0
3217757,1
3217758,1
3217759,1
3217760,0
3217761,0
3217762,0
3217763,0
3217764,1
3217765,1
3217766,0
3217767,1
3217768,1
3217769,0
3217770,0
3217771,1
3217772,0
3217773,0
3217774,1
3217775,0
3217776,0
3217777,0
3217778,1
3217779,1
3217780,1
3217781,1
3217782,1
3217783,0
3217784,0
3217785,0
3217786,1
3217787,1
3217788,0
3217789,1
3217790,1
3217791,0
3217792,0
3217793,1
3217794,1
3217795,1
3217796,1
3217797,1
3217798,0
3217799,0
3217800,1
3217801,0
3217802,1
3217803,1
3217804,1
3217805,1
3217806,0
3217807,1
3217808,0
3217809,0
3217810,0
3217811,0
3217812,0
3217813,0
3217814,1
3217815,1
3217816,0
3217817,0
3217818,0
3217819,1
3217820,1
3217821,1
3217822,0
3217823,1
3217824,1
3217825,1
3217826,1
3217827,1
3217828,0
3217829,0
3217830,0
3217831,1
3217832,0
3217833,0
3217834,1
3217835,0
3217836,0
3217837,0
3217838,1
3217839,1
3217840,0
3217841,1
3217842,0
3217843,0
3217844,0
3217845,1
3217846,0
3217847,1
3217848,1
3217849,1
3217850,0
3217851,1
3217852,1
3217853,1
3217854,0
3217855,1
3217856,0
3217857,1
3217858,1
3217859,0
3217860,1
3217861,1
3217862,1
3217863,1
3217864,0
3217865,0
3217866,0
3217867,0
3217868,1
3217869,0
3217870,1
3217871,1
3217872,0
3217873,0
3217874,0
3217875,1
3217876,0
3217877,1
3217878,0
3217879,0
3217880,1
3217881,0
3217882,1
3217883,1
3217884,0
3217885,0
3217886,0
3217887,1
3217888,1
3217889,0
3217890,1
3217891,0
3217892,0
3217893,0
3217894,0
3217895,0
3217896,1
3217897,0
3217898,0
3217899,1
3217900,0
3217901,1
3217902,0
3217903,0
3217904,0
3217905,0
3217906,0
3217907,1
3217908,0
3217909,0
3217910,1
3217911,1
3217912,0
3217913,1
3217914,1
3217915,1
3217916,0
3217917,0
3217918,0
3217919,1
3217920,1
3217921,0
3217922,1
3217923,1
3217924,0
3217925,0
3217926,1
3217927,0
3217928,0
3217929,0
3217930,0
3217931,1
3217932,1
3217933,0
3217934,1
3217935,0
3217936,0
3217937,0
3217938,0
3217939,0
3217940,0
3217941,0
3217942,1
3217943,0
3217944,1
3217945,0
3217946,1
3217947,0
3217948,1
3217949,1
3217950,1
3217951,1
3217952,0
3217953,1
3217954,1
3217955,0
3217956,0
3217957,0
3217958,0
3217959,0
3217960,0
3217961,0
3217962,1
3217963,1
3217964,1
3217965,1
3217966,0
3217967,0
3217968,1
3217969,0
3217970,0
3217971,0
3217972,1
3217973,1
3217974,1
3217975,0
3217976,1
3217977,1
3217978,1
3217979,0
3217980,0
3217981,0
3217982,1
3217983,0
3217984,1
3217985,1
3217986,1
3217987,0
3217988,1
3217989,0
3217990,1
3217991,0
3217992,0
3217993,0
3217994,1
3217995,0
3217996,0
3217997,0
3217998,1
3217999,1
3218000,1
3218001,1
3218002,1
3218003,1
3218004,0
3218005,1
3218006,1
3218007,1
3218008,0
3218009,1
3218010,0
3218011,1
3218012,0
3218013,0
3218014,1
3218015,1
3218016,0
3218017,1
3218018,1
3218019,0
3218020,0
3218021,1
3218022,0
3218023,1
3218024,0
3218025,1
3218026,0
3218027,1
3218028,0
3218029,1
3218030,0
3218031,0
3218032,1
3218033,1
3218034,0
3218035,1
3218036,1
3218037,0
3218038,0
3218039,0
3218040,1
3218041,1
3218042,0
3218043,1
3218044,0
3218045,0
3218046,1
3218047,1
3218048,1
3218049,0
3218050,1
3218051,0
3218052,1
3218053,0
3218054,0
3218055,1
3218056,0
3218057,1
3218058,1
3218059,0
3218060,1
3218061,1
3218062,0
3218063,0
3218064,1
3218065,0
3218066,0
3218067,0
3218068,1
3218069,1
3218070,0
3218071,0
3218072,1
3218073,0
3218074,0
3218075,0
3218076,1
3218077,0
3218078,1
3218079,1
3218080,1
3218081,1
3218082,1
3218083,1
3218084,1
3218085,0
3218086,0
3218087,1
3218088,0
3218089,0
3218090,1
3218091,1
3218092,1
3218093,1
3218094,1
3218095,1
3218096,0
3218097,1
3218098,0
3218099,0
3218100,1
3218101,1
3218102,1
3218103,1
3218104,1
3218105,0
3218106,1
3218107,0
3218108,1
3218109,0
3218110,0
3218111,0
3218112,1
3218113,0
3218114,0
3218115,0
3218116,1
3218117,1
3218118,0
3218119,0
3218120,0
3218121,1
3218122,0
3218123,0
3218124,1
3218125,0
3218126,1
3218127,0
3218128,0
3218129,0
3218130,1
3218131,1
3218132,0
3218133,0
3218134,1
3218135,1
3218136,1
3218137,0
3218138,1
3218139,1
3218140,0
3218141,1
3218142,1
3218143,1
3218144,1
3218145,1
3218146,0
3218147,0
3218148,0
3218149,1
3218150,1
3218151,1
3218152,1
3218153,0
3218154,1
3218155,0
3218156,1
3218157,1
3218158,1
3218159,0
3218160,0
3218161,1
3218162,1
3218163,1
3218164,0
3218165,1
3218166,1
3218167,1
3218168,0
3218169,0
3218170,1
3218171,0
3218172,1
3218173,1
3218174,0
3218175,1
3218176,1
3218177,0
3218178,0
3218179,0
3218180,0
3218181,1
3218182,1
3218183,0
3218184,1
3218185,1
3218186,1
3218187,1
3218188,1
3218189,1
3218190,0
3218191,0
3218192,0
3218193,0
3218194,0
3218195,1
3218196,1
3218197,0
3218198,0
3218199,1
3218200,1
3218201,0
3218202,0
3218203,1
3218204,0
3218205,1
3218206,1
3218207,0
3218208,1
3218209,0
3218210,1
3218211,1
3218212,1
3218213,1
3218214,0
3218215,0
3218216,0
3218217,0
3218218,1
3218219,0
3218220,1
3218221,0
3218222,1
3218223,1
3218224,1
3218225,0
3218226,0
3218227,0
3218228,1
3218229,1
3218230,1
3218231,1
3218232,1
3218233,0
3218234,1
3218235,1
3218236,1
3218237,1
3218238,1
3218239,1
3218240,1
3218241,0
3218242,1
3218243,1
3218244,0
3218245,1
3218246,1
3218247,1
3218248,0
3218249,1
3218250,0
3218251,0
3218252,1
3218253,0
3218254,0
3218255,0
3218256,0
3218257,1
3218258,1
3218259,1
3218260,0
3218261,0
3218262,0
3218263,1
3218264,0
3218265,1
3218266,0
3218267,0
3218268,1
3218269,0
3218270,0
3218271,1
3218272,1
3218273,1
3218274,0
3218275,1
3218276,1
3218277,1
3218278,0
3218279,1
3218280,1
3218281,0
3218282,1
3218283,1
3218284,1
3218285,0
3218286,1
3218287,0
3218288,0
3218289,0
3218290,1
3218291,1
3218292,1
3218293,0
3218294,0
3218295,0
3218296,1
3218297,1
3218298,0
3218299,0
3218300,0
3218301,0
3218302,1
3218303,1
3218304,0
3218305,1
3218306,1
3218307,1
3218308,0
3218309,1
3218310,0
3218311,1
3218312,1
3218313,1
3218314,1
3218315,1
3218316,0
3218317,0
3218318,0
3218319,1
3218320,1
3218321,1
3218322,0
3218323,1
3218324,0
3218325,0
3218326,1
3218327,0
3218328,1
3218329,0
3218330,0
3218331,1
3218332,0
